classe,massa_msun,raio_mpc,log10_massa,log10_raio,T_lambda,log10_T_lambda,R_lambda_mpc,raio_sobre_R_lambda,regime_TEC
halo_galactico,1278353538506.2854,0.13653004602338265,12.10665097791405,-0.8647717633760998,0.001440356095621586,-2.8415301250957237,1.208940550444284,0.11293363099881797,bound
halo_galactico,432519371078.21423,0.1692385743639803,11.636005562815827,-0.7715006417457556,0.008108278455905664,-2.0910713451064673,0.8424092752566457,0.2008982798918265,bound
halo_galactico,1830871728435.993,0.1641778906955638,12.26265791853226,-0.7846853283092577,0.0017487279018546012,-2.757277760513408,1.3627219724941861,0.12047790672595488,bound
halo_galactico,2134015899118.8054,0.09185914219698556,12.329197650736925,-1.0368776144466731,0.0002627880721468948,-3.580394351130318,1.4341255371701809,0.06405237185737742,bound
halo_galactico,207557142961.90857,0.1577967144431911,11.317137683971158,-0.8019020436744251,0.013695955238185974,-1.8634076720478068,0.659528924739889,0.23925670053883444,bound
halo_galactico,350136327807.3521,0.16813017539188443,11.544237172598189,-0.774354333972219,0.009820553556901836,-2.0078640315682197,0.7851157262031235,0.21414699741778723,bound
halo_galactico,1108521551933.813,0.48249721121258515,12.04474414110855,-0.31650519249321585,0.07331222904614858,-1.1348235756415717,1.1528407856598342,0.4185289219590071,bound
halo_galactico,775023895179.02,0.3592269593522779,11.889315092679746,-0.4446310777436659,0.043274077351641925,-1.3637721829641178,1.0231979230433208,0.3510825728455556,bound
halo_galactico,986551122084.4764,0.10217657241771674,11.9941195948735,-0.9906486701117639,0.0007822949698367706,-3.106629462262165,1.1089053632997443,0.0921418326570919,bound
halo_galactico,502845566459.80505,0.13259383372885472,11.701434625349247,-0.8774766723098352,0.0033540652001778654,-2.4744284993321264,0.885794190171696,0.14968921133153254,bound
halo_galactico,2031371201415.3247,0.07714567789567135,12.30778929120199,-1.1126884003674005,0.00016352405598060954,-3.7864183493575654,1.4107532174393114,0.05468403470005912,bound
halo_galactico,1871660941372.6687,0.11530777638433704,12.272227177400133,-0.9381414027926973,0.000592631534742883,-3.2272152428315986,1.372767571735128,0.08399657652066492,bound
halo_galactico,1054655797035.0903,0.17503342891199244,12.023110744146425,-0.7568789992819318,0.0036786494197578435,-2.4343115990455946,1.1338567776282547,0.15436996309015208,bound
halo_galactico,2480472533629.2847,0.2637367949733214,12.394534422438811,-0.5788292758223532,0.005350740548694319,-2.2715861069592447,1.5078776121118305,0.17490596906200476,bound
halo_galactico,1457566136385.3613,0.1081890313534384,12.163628269788216,-0.9658167675487217,0.0006285756751373388,-3.201642429487755,1.2629826240040363,0.08566153587326997,bound
halo_galactico,500319739747.4263,0.1119877997345279,11.699247637990867,-0.9508292880135593,0.0020309565904335822,-2.6922993590849185,0.884308565554393,0.12663882732417076,bound
halo_galactico,1346054903433.8633,0.056304381748191815,12.129062774428874,-1.2494578059477308,9.594005225510302e-05,-4.01800004932544,1.22991626206117,0.04577903674013825,bound
halo_galactico,461733186138.2672,0.14043223762803708,11.66439108970985,-0.8525331841089815,0.004339558036379129,-2.3625544990901686,0.8609639798478373,0.16311046793485648,bound
halo_galactico,2029820365129.4192,0.09279340637376943,12.307457605457545,-1.0324828823719125,0.0002847933802837474,-3.545470109626656,1.4103941161123479,0.06579253650713456,bound
halo_galactico,960563170643.5724,0.11860748977241678,11.982525931154811,-0.9258878854732147,0.0012567432328472953,-2.9007534446278287,1.099081580025968,0.10791509195305998,bound
halo_galactico,861585086044.7933,0.10107129828811354,11.93529817275916,-0.9953721556335176,0.0008670048028325123,-3.0619784967130856,1.0599547935888634,0.09535434803393814,bound
halo_galactico,577663143789.564,0.14492639491727663,11.76167465945862,-0.8388525108505114,0.003812448194127232,-2.4187960490635283,0.9277112835044443,0.15621928664035953,bound
halo_galactico,2678486541538.3984,0.06736810352484164,12.427889468535911,-1.1715456782713263,8.258660999201526e-05,-4.083090360403264,1.5469790840784614,0.04354816701673311,bound
halo_galactico,882906433213.103,0.07701777198097158,11.94591468127592,-1.113409049078198,0.00037436420297000313,-3.426705685563887,1.0686270899219847,0.07207170088360222,bound
halo_galactico,708084784471.6079,0.40350546621456956,11.850085262242912,-0.3941505775943403,0.06712729514882206,-1.1731008520793067,0.9928486274627828,0.406411868892567,bound
halo_galactico,752927669351.536,0.08365954220602476,11.876753257329119,-1.0774845162548061,0.0005626383578548822,-3.249770663146911,1.0133800994690492,0.08255494877969025,bound
halo_galactico,1535706473422.3948,0.09133618849220597,12.186308214943672,-1.0393571156909278,0.0003589686989045598,-3.4449434190698294,1.285160465935878,0.07106987097186594,bound
halo_galactico,1342472575453.6692,0.3526815214628776,12.127905422527427,-0.4526172943357371,0.02364170736723589,-1.6263211625880118,1.2288242120450596,0.28700730178153844,bound
halo_galactico,1394621685911.2114,0.5767843045419949,12.144456414058595,-0.2389865661519186,0.09954513282747225,-1.0019799695677247,1.244533974893525,0.46345404478920815,bound
halo_galactico,1415100717130.3457,0.08824430240361694,12.15078735105276,-1.0543133257650683,0.0003513248055808788,-3.454291185401338,1.2505960981998676,0.07056179251689455,bound
halo_galactico,5617934356254.218,0.12774685252929938,12.749576660304662,-0.893649791357606,0.00026847886834174015,-3.5710898914308538,1.98022028845411,0.06451143505302986,bound
halo_galactico,720700368744.8741,0.1771377443757029,11.857754744265385,-0.7516888898118981,0.005579749850732895,-2.2533852707544533,0.998710311184753,0.17736649195657891,bound
halo_galactico,661782143758.7697,0.3355363136587645,11.820715044824961,-0.4742604711188815,0.04129901415393987,-1.3840603152349795,0.9707177417989376,0.345657959271402,bound
halo_galactico,519014564493.53394,0.09607902435236809,11.715179545113243,-1.0173714156856475,0.0012363526122374864,-2.907857649223559,0.8951884443006592,0.10732826698564805,bound
halo_galactico,1642830654119.873,0.13518995728119798,12.215592797901424,-0.8690555691884219,0.0010881196107284036,-2.9633233625200632,1.3143737741465598,0.10285503251841631,bound
halo_galactico,2483935431734.7993,0.2165047929857496,12.395140302452312,-0.6645324847876511,0.0029559588649345067,-2.529301613868639,1.5085789836489567,0.14351571600319327,bound
halo_galactico,912259489805.0992,0.1849069414122334,11.960118389820794,-0.7330467851066762,0.005013919971697831,-2.299822602194196,1.0803407279910002,0.17115613308042735,bound
halo_galactico,508095364883.84174,0.1272825260553541,11.705945233063115,-0.8952312142460198,0.0029362786487830183,-2.532202732854549,0.8888661413166354,0.14319650635675749,bound
halo_galactico,514554729689.9786,0.14230999621348242,11.711431574508065,-0.8467645929032082,0.00405238584533234,-2.3922892102710636,0.8926169796090683,0.1594300797143795,bound
halo_galactico,1689302698240.9094,0.08035646779161171,12.227707475738645,-1.0949791616739963,0.00022222411340037506,-3.6532088178140083,1.3266522897371626,0.060570858252189046,bound
halo_galactico,1820283196072.4521,0.13563296358431678,12.260138959921205,-0.867634748794933,0.0009917288256365015,-3.003607063359378,1.3600898689777443,0.09972353053865457,bound
halo_galactico,1549187534923.6023,0.13388209573281504,12.190103993906819,-0.873277498001791,0.0011207265359291197,-2.950500344965566,1.288910070673684,0.10387233273989233,bound
halo_galactico,584886506861.9052,0.1684356349023605,11.767071602448958,-0.7735660220747488,0.005911075061800831,-2.228333525726578,0.9315621184501055,0.18080988005673387,bound
halo_galactico,1205747758048.834,0.11720187409300535,12.081256463073352,-0.9310654437638032,0.00096601384004638,-3.0150166514181356,1.1856052307870133,0.09885404605983891,bound
halo_galactico,1098601109274.1201,0.18806488143053007,12.040840033199254,-0.7256922954909721,0.004380455000478665,-2.3584807767255445,1.149391453182382,0.16362126315610293,bound
halo_galactico,1192726885419.0073,0.2412921335567012,12.076541008855154,-0.6174568364360342,0.008521668284302526,-2.06947537521663,1.1813219908682617,0.20425602454023015,bound
halo_galactico,2018366699608.6978,0.16258701791542227,12.305000072281867,-0.7889141344663068,0.0015406133868846004,-2.8123063327341615,1.4077363008785375,0.1154953650154189,bound
halo_galactico,1197452905419.7615,0.17797183638120026,12.078258442071139,-0.7496487183201592,0.003405897281372935,-2.4677684540849905,1.1828802111436334,0.15045634773882416,bound
halo_galactico,1728302455902.177,0.1551068826738994,12.237619747075163,-0.8093689304844265,0.0015621027768668106,-2.8062903955818164,1.336783884698639,0.11602988669246733,bound
halo_galactico,1055972660532.0358,0.15136200733120994,12.023652674321111,-0.8199831213817171,0.002375932534235544,-2.6241658955196363,1.1343284998033822,0.13343754243805575,bound
halo_galactico,1262384895502.344,0.10856463917701768,12.101191789541495,-0.9643116067085694,0.0007333470229351681,-3.1346904667205773,1.2038855882474944,0.09017853543296923,bound
halo_galactico,1663224520418.6855,0.1751051230149761,12.220950879043489,-0.7567011476653384,0.0023355104826600424,-2.631618179092878,1.3197902389416842,0.13267647982863529,bound
halo_galactico,309026314925.5079,0.14472470744029317,11.489995463050517,-0.8394573196826979,0.007096900573112556,-2.148931279151985,0.7531007961150125,0.19217176264701627,bound
halo_galactico,772885348091.2167,0.3968566497712882,11.888115074274944,-0.40136633821388096,0.05850891627726951,-1.2327779459699613,1.0222559423468893,0.38821652516901684,bound
halo_galactico,684493882362.8766,0.312371196063361,11.835369570997521,-0.5053290195049515,0.03221658579317927,-1.4919204865657494,0.9816977810468538,0.3181948682111286,bound
halo_galactico,597575458147.8069,0.18078787935532756,11.77639275311483,-0.7428306894886998,0.007154039296587741,-2.145448678634304,0.9382506415763905,0.1926861238821846,bound
halo_galactico,801124866222.6794,0.10650955202446039,11.90370021207066,-0.9726114419389534,0.0010911930847629708,-2.9620983949408948,1.03455763398311,0.10295178202338726,bound
halo_galactico,3336026247270.0376,0.09068129333769012,12.523229458932038,-1.0424822943966836,0.00016171853589247884,-3.7912401991754625,1.6644257983095803,0.054482028234474386,bound
halo_galactico,497690223327.8151,0.2619561449879728,11.696959109507365,-0.5817714093822269,0.02613140766832654,-1.5828371947074193,0.8827566316459667,0.2967478641304973,bound
halo_galactico,2182214434349.3904,0.1708243768083191,12.338897424107019,-0.7674501549705722,0.0016526780304679648,-2.7818117460721097,1.4448422309778615,0.11823047052874838,bound
halo_galactico,257629493642.90454,0.18881160356001336,11.410995579934468,-0.7239713193216778,0.018902820270445743,-1.7234733949528755,0.7087936405776194,0.26638444922579235,bound
halo_galactico,763466946551.3873,0.06777707190878814,11.88279023950498,-1.1689171973948385,0.00029504911156692635,-3.5301056887428683,1.018086547323588,0.06657299626143269,bound
halo_galactico,1140154151116.3406,0.23199984584108327,12.056963572786753,-0.6345123036883638,0.007923839297807458,-2.101064340905218,1.1637038646586215,0.1993633027154564,bound
halo_galactico,1603901952136.1614,0.1865881538247931,12.205177815975746,-0.7291159323571273,0.0029302895067389208,-2.533089470100502,1.3039088239565715,0.14309908054660705,bound
halo_galactico,1773900691142.6187,0.09076404931761357,12.248929302927499,-1.0420861368828955,0.00030496389750409925,-3.515751570629559,1.3484382190796425,0.06731049894118493,bound
halo_galactico,1895271937862.7444,0.12181339251578449,12.277671532319975,-0.9143049614899897,0.000690001009544776,-3.1611502738433175,1.3785159532377687,0.08836560232014516,bound
halo_galactico,754998736292.4216,0.17090054231936033,11.877946224713046,-0.7672565591286961,0.004783218728164551,-2.320279759152508,1.0143084120122485,0.16848972195775952,bound
halo_galactico,688932816846.5737,0.155057707841042,11.838176872567402,-0.8095066403287512,0.003915068358456149,-2.4072606506070295,0.9838153096210543,0.15760855348019243,bound
halo_galactico,1996602260343.5818,0.13230180302306363,12.300291558440003,-0.878434237160711,0.0008391543940893972,-3.07615812697551,1.4026580391611732,0.09432220778642786,bound
halo_galactico,857123665486.0554,0.14431196704664023,11.933043486291435,-0.8406976536131922,0.0025368786634430394,-2.5957003041843856,1.058122090091422,0.13638498657009573,bound
halo_galactico,357692461089.85724,0.13477350541056157,11.553509786831727,-0.870395475641377,0.004951535866236871,-2.305260070809232,0.7907233214003769,0.1704433165976143,bound
halo_galactico,401189423355.38904,0.1623725093424221,11.603349475098781,-0.7894874975795062,0.007720122206646407,-2.1123758248906737,0.8215571456954984,0.1976399453077166,bound
halo_galactico,476641332403.1545,0.29805636085902193,11.678191699899436,-0.5257016054013686,0.040192000844200146,-1.3958603731569157,0.8701320903095785,0.34254151085610285,bound
halo_galactico,1492815928585.0178,0.046416064164075635,12.174006260418818,-1.3333316881862594,4.846573663114521e-05,-4.31456518203097,1.2730829617653825,0.03645957534433619,bound
halo_galactico,1121628426817.5898,0.13571565501338448,12.049849007624697,-0.8673700529019368,0.0016124155456020515,-2.7925230233838816,1.157366626176723,0.11726245767230331,bound
halo_galactico,1744495582020.6414,0.1641732835078103,12.241669873923719,-0.7846975157255106,0.0018351591010871498,-2.7363262781536246,1.3409458595985955,0.1224309559797997,bound
halo_galactico,708698598282.8353,0.17345978267636575,11.850461573782214,-0.7608012020625801,0.0053280827717320615,-2.2734290370233277,0.9931354331306791,0.1746587392714056,bound
halo_galactico,1136289233972.763,0.12753138721827056,12.05548889187685,-0.8943829162642579,0.0013206827405863122,-2.8792014977229976,1.1623874606022422,0.10971504041534957,bound
halo_galactico,1655604651450.942,0.06739933995733265,12.218956637888567,-1.1713443564957164,0.00013379701842087808,-3.8735535644290904,1.317771664875205,0.05114644801815151,bound
halo_galactico,779343129453.614,0.17603502923891462,11.891728711097917,-0.754400903257178,0.00506412855713053,-2.295495277922825,1.025095175076823,0.17172554658226946,bound
halo_galactico,1445011598964.1357,0.33532817307536456,12.159871333145094,-0.47452995716716295,0.01887882402495594,-1.724025061699957,1.2593459893309615,0.26627168063123824,bound
halo_galactico,586578202842.106,0.07468402557839086,11.768325920626673,-1.1267722809832275,0.0005137991475290034,-3.289206620629729,0.9324593882276098,0.080093596054996,bound
halo_galactico,746330437403.1302,0.22530228832497215,11.872931153702226,-0.6472343972603622,0.011086687275421512,-1.955198202536686,1.0104116312640468,0.22298069554396768,bound
halo_galactico,735176704445.1907,0.130105290093436,11.866391737100585,-0.8857050446245788,0.002167351107122062,-2.664070728027695,1.0053528916063244,0.1294125586942486,bound
halo_galactico,381466253513.19116,0.14714148366634305,11.581456124043836,-0.8322648691657694,0.006042065255174102,-2.2188145885945176,0.8078672332675078,0.18213572429619798,bound
halo_galactico,1480608943158.1758,0.09320094113825533,12.170440368274953,-1.0305797021407899,0.0003956003509929608,-3.4027433317506963,1.269603395088016,0.07340949268003032,bound
halo_galactico,685029352749.6531,0.1297504179689834,11.835709180929047,-0.8868912344711752,0.0023070300881663096,-2.636946741395947,0.9819537039940661,0.13213496465386057,bound
halo_galactico,1010119933695.3015,0.27542852664612133,12.00437294155469,-0.5599910810602082,0.014965456131167763,-1.8249100417886888,1.1176665830105323,0.24643174523857606,bound
halo_galactico,1473198712449.4385,0.1979388525787205,12.168261330617067,-0.7034689516024586,0.0038086227524028898,-2.419232042477817,1.2674817920798376,0.15616701858408433,bound
halo_galactico,1433131070285.0044,0.3360952085264984,12.15628591161048,-0.47353767891801113,0.019166252025618096,-1.7174628054178873,1.2558851432339067,0.26761619909050965,bound
halo_galactico,1709561733655.71,0.2603049206278967,12.232884788140476,-0.5845176222044612,0.00746446159978092,-2.1270015118072334,1.3319345413864778,0.19543371880492877,bound
halo_galactico,923698164061.1368,0.18527521921319243,11.965530080421702,-0.7321826642140847,0.0049814763164518746,-2.30264193011733,1.0848373916303038,0.17078616633480811,bound
halo_galactico,710960693492.8136,0.3378989990163535,11.851845590784546,-0.4712130947664415,0.03926008792253183,-1.4060487321372441,0.9941909739340313,0.33987333206142595,bound
halo_galactico,937774946914.8253,0.18526724001863612,11.97209862618276,-0.7322013682523402,0.004906066289748692,-2.309266587993154,1.0903204583080555,0.16991998875828793,bound
halo_galactico,256704184506.06442,0.22161422595061483,11.40943294811469,-0.6544023646405881,0.030675814360907713,-1.5132038990898278,0.7079440484153233,0.31303918218774596,bound
halo_galactico,311537718187.5762,0.1320340087439788,11.49351063465192,-0.8793141907069416,0.005345433562885744,-2.272017063826118,0.7551354009177184,0.17484812469858713,bound
halo_galactico,344393650341.227,0.1560663103759292,11.53705513567596,-0.806690836828159,0.007985617362697997,-2.097691503213811,0.7807997475528033,0.19988007279084688,bound
halo_galactico,447675791720.4477,0.10977798004454557,11.650963610339481,-0.9594847646600553,0.002138051877223393,-2.6699817613730206,0.8521364759336986,0.12882675855913833,bound
halo_galactico,1380133124100.2566,0.23873538096834676,12.139920979353203,-0.6220832130810293,0.007132889963188623,-2.146734475649665,1.240209190875031,0.19249605850760285,bound
halo_galactico,482039170704.5461,0.08797094866844049,11.683082330623979,-1.055660724622973,0.0010218135053076483,-2.990628361546271,0.873404441088777,0.10072189300844041,bound
halo_galactico,737298085312.2831,0.2170051638751408,11.867643106086213,-0.6635299315164677,0.010027744093785401,-1.9987967576889898,1.0063189579020113,0.21564252781996315,bound
halo_galactico,2849245717733.3936,0.1386340109818316,12.454729904225124,-0.8581302115010319,0.0006765744672183216,-3.169684395781593,1.5791786133450434,0.0877886831864919,bound
halo_galactico,750425546423.7594,0.25956696473717733,11.875307610128502,-0.585750581306536,0.016860746113395844,-1.7731232111014834,1.0122563015952368,0.25642415298192767,bound
halo_galactico,1811884246270.649,0.21388178391535276,12.258130448963481,-0.669826202253748,0.003906853148765837,-2.408172912778099,1.3579947845143683,0.15749823663118037,bound
halo_galactico,471230955677.8321,0.350049314514102,11.673233811996543,-0.4558707684706396,0.06585519279875193,-1.1814099744618352,0.8668272515898624,0.40382822975635646,bound
halo_galactico,847416380730.1216,0.21191170133160037,11.928096854746329,-0.673845061772271,0.008124639555602137,-2.0901958971165158,1.0541123557503027,0.20103331506892785,bound
halo_galactico,465042110361.24005,0.07338240632735823,11.667492280781296,-1.1344080511306482,0.0006147799690946125,-3.2112802912266147,0.863015732053032,0.08503020698451058,bound
halo_galactico,760918991151.629,0.1467605617500899,11.881338423434803,-0.8333906345796401,0.0030055628620682885,-2.5220741842270975,1.0169527151267481,0.14431404682546953,bound
halo_galactico,1968375034510.3616,0.08822640058789406,12.29410784811009,-1.054401438518963,0.00025242012605412943,-3.597876020720352,1.3960165546270427,0.06319867790641241,bound
halo_galactico,248563784069.93936,0.11921860383811803,11.395437851882678,-0.9236559684732549,0.004932083103292862,-2.306969614355816,0.7003802694338942,0.1702198206332689,bound
halo_galactico,1419215269840.111,0.3035607985780584,12.15204827524105,-0.5177543133446556,0.014260177380149876,-1.8458750723283908,1.2518070048107193,0.24249808270082227,bound
halo_galactico,1211176569805.405,0.20300501284965486,12.083207460816297,-0.6924932378204607,0.004997455880314046,-2.3012510313310526,1.1873819406552877,0.1709685871907579,bound
halo_galactico,619508850900.7745,0.10970184059152423,11.792047515506122,-0.9597860857157492,0.0015418082681164377,-2.8119696297067427,0.949592168389312,0.11552521623846088,bound
halo_galactico,311802613414.35736,0.09489788354635524,11.493879750964041,-1.0227434732880798,0.0019830148757722377,-2.702674027881654,0.7553493665510184,0.12563442527219698,bound
halo_galactico,1059852253829.4094,0.15365843958483555,12.025245327699855,-0.8134435814247478,0.0024766239645595462,-2.606139929027472,1.1357159583430814,0.1352965399984437,bound
halo_galactico,652645806468.7017,0.08643466838525182,11.81467755182767,-1.0633120298762255,0.0007158507783220473,-3.1451774985097196,0.9662298933672354,0.0894555933102357,bound
halo_galactico,1206248188026.6821,0.11111480911407612,12.081436673974146,-0.9542280554793162,0.0008228398238375166,-3.0846846974654683,1.1857692314613206,0.09370694243528332,bound
halo_galactico,1017766732136.1522,0.17474384772462695,12.007648250933205,-0.7575981056897512,0.0037930937333911056,-2.421006425055832,1.120479811638326,0.1559544812049069,bound
halo_galactico,3635989429380.134,0.25766913956399334,12.56062261196232,-0.5889375927786606,0.003404087796414363,-2.467999247351675,1.7128874327267614,0.15042969820486538,bound
halo_galactico,824566203471.3126,0.20033290764278966,11.916225530384441,-0.698247705555112,0.007054520436006044,-2.151532504103151,1.0445513526812193,0.19178847179563044,bound
halo_galactico,438304447596.258,0.05269168638410939,11.641775877582347,-1.2782579017196198,0.00024148299869229732,-3.6171134397945806,0.8461484791931824,0.06227238797894177,bound
halo_galactico,1155437536367.491,0.1741298980729325,12.06274647223471,-0.759126654193948,0.0033060522126936768,-2.4806902918699287,1.1688804898875953,0.1489715155479048,bound
halo_galactico,1193984913651.1287,0.15646122083932656,12.076998839390118,-0.8055932853534844,0.002320905445440658,-2.634342552503945,1.1817371779043013,0.13239933867257667,bound
halo_galactico,2990306131462.0767,0.18313782711068416,12.475715651334152,-0.7372219429254614,0.0014861226825829557,-2.82794533716391,1.6048206455928364,0.1141173174794441,bound
halo_galactico,1960148326259.511,0.31859718654363367,12.292288936070102,-0.4967580636697585,0.011936390432015184,-1.9231269841327518,1.3940689823525372,0.2285376050803386,bound
halo_galactico,1333229365213.3914,0.05852647189047831,12.124904870702329,-1.2326476553609487,0.00010878983201752988,-3.9634116938385486,1.2259974755232397,0.04773784045966325,bound
halo_galactico,3252040997131.283,0.11528672839632949,12.512156011926846,-0.9382206850382211,0.00034089299412786345,-3.4673819240948833,1.6503394819814243,0.06985637176777373,bound
halo_galactico,383647993348.24963,0.19869240408526098,11.583932930987002,-0.701818735441329,0.014792684873533763,-1.8299529943643629,0.8094044653887217,0.2454797478660285,bound
halo_galactico,597154849464.2839,0.07306024430506884,11.776086963537589,-1.1363188798907884,0.00047248991123022933,-3.3256074602633277,0.9380304579508073,0.07788685717591091,bound
halo_galactico,473912780040.2631,0.2986687673859419,11.675698420508066,-0.5248101903892981,0.04067308846063122,-1.3906928487293344,0.8684685432667048,0.34390280419658376,bound
halo_galactico,730409761900.7354,0.17933758722342813,11.86356656889548,-0.7463286774598683,0.005713254122423137,-2.2431164583284593,1.0031752495314779,0.1787699480297045,bound
halo_galactico,329731052120.6901,0.22352021019215304,11.518159848355292,-0.6506832028313192,0.02450341898438115,-1.610773313902624,0.7695577835631249,0.29045279635433413,bound
halo_galactico,1668410181169.9697,0.1163620242520194,12.222302831385042,-0.9341887323043588,0.000683230294310591,-3.1654328853514917,1.321160445598802,0.08807561915712633,bound
halo_galactico,836030373698.1633,0.22016726018835325,11.92222205601543,-0.6572472620067579,0.009235752813625948,-2.034527699089078,1.0493699843259245,0.2098089934693342,bound
halo_galactico,305645352800.1178,0.2475678877035286,11.48521779692407,-0.6063056888021923,0.03591710130559214,-1.444698720384021,0.7503442370449915,0.3299390805991946,bound
halo_galactico,441110424758.7872,0.16849057175619775,11.64454732157736,-0.7734243959725663,0.007845409797102127,-2.1053843665484324,0.8479502896717088,0.19870336010077938,bound
halo_galactico,1287448443737.6985,0.16860877710976485,12.109729846607568,-0.7731198214602608,0.0026936851493269778,-2.569653168041724,1.2118007991151853,0.13913902122599447,bound
halo_galactico,1964917401242.3362,0.171422824992076,12.293344298763033,-0.7659313521436548,0.001854802991845475,-2.7317022122473715,1.3951986646982744,0.12286624788961356,bound
halo_galactico,4998685486032.362,0.10170234038122794,12.698855812092125,-0.9926690529478763,0.00015225556387251965,-3.817426827989128,1.9046121758972072,0.0533979261858488,bound
halo_galactico,10467714357031.135,0.14141460472752193,13.019851863102565,-0.8495057360480706,0.00019546413039390697,-3.70893292830015,2.436717823904571,0.058034871063125666,bound
halo_galactico,1396507593918.1257,0.14108975960934897,12.145043301646599,-0.8505045064904717,0.001455054705792608,-2.8371206781713876,1.2450947050766878,0.11331648832339944,bound
halo_galactico,450465627479.5632,0.18058379388278442,11.653661657988847,-0.7433212271293009,0.00945825031553273,-2.0241891964301235,0.853902932475079,0.21148047045505927,bound
halo_galactico,179384040407.33575,0.23986387718435268,11.253783801744042,-0.620035150617941,0.05566047257983199,-1.254453110651239,0.6282259710038629,0.3818114631604076,bound
halo_galactico,1240792077474.6123,0.09295928691321767,12.093699011820343,-1.0317072163956817,0.00046839848524782805,-3.329384518060762,1.1969820092184669,0.07766139022750444,bound
halo_galactico,519362533452.35046,0.14288880163023965,11.715470616641387,-0.8450018060639155,0.0040640599724596806,-2.391039891886507,0.8953884568015519,0.15958302851106398,bound
halo_galactico,715525241525.6869,0.2994271037339124,11.85462495893711,-0.5237088904682052,0.027144666645785923,-1.5663154873951,0.9963140895131972,0.3005348482828478,bound
halo_galactico,610613104188.6162,0.10746878878510797,11.785766120329066,-0.9687176457625128,0.001470676271297853,-2.832482914669979,0.9450250612867211,0.11372057016009852,bound
halo_galactico,892736290862.5803,0.10364539154773068,11.950723189754266,-0.984450003458064,0.0009023249015856118,-3.044637057181831,1.0725783231384558,0.09663200282144004,bound
halo_galactico,2360984200217.059,0.16613503923704767,12.373093080775675,-0.7795387616337612,0.0014051632316913524,-2.8522732227303327,1.483265786555174,0.11200625049330486,bound
halo_galactico,1134924571159.1619,0.22329399204966932,12.05496699860587,-0.651122961902936,0.0070974159576111815,-2.148899741368052,1.1619219387541544,0.19217641444062195,bound
halo_galactico,879990141997.5111,0.15215464360140063,11.94447780703646,-0.8177147888878681,0.0028961027715965234,-2.5381860307534376,1.0674492129936226,0.14254040543501686,bound
halo_galactico,434031436806.9281,0.2791207465889014,11.637521186510966,-0.5542078819126022,0.036248606081891885,-1.4407086893021466,0.843389806843857,0.33095105528181595,bound
halo_galactico,259334902066.98465,0.2245736494137585,11.413860969353475,-0.6486412034866946,0.03159741564794083,-1.500348436866933,0.7103541829007894,0.31614320689531755,bound
halo_galactico,675759612012.3854,0.22303037437133846,11.829792231824333,-0.6516359866219876,0.011877798440055137,-1.92526404874367,0.9775043445147935,0.22816305177860324,bound
halo_galactico,957582293963.7458,0.19535444628929202,11.981176107213587,-0.7091766997351813,0.005632872700144845,-2.2492700634725047,1.0979434902053584,0.17792759648563797,bound
halo_galactico,4156956402830.8354,0.4421102869018036,12.61877546975296,-0.3544693799307829,0.015040162667167609,-1.822747466598682,1.791072265437908,0.24684112161923843,bound
halo_galactico,1110698236996.4014,0.13771069250411433,12.04559608251551,-0.8610323377732088,0.0017011517141538178,-2.7692569528885107,1.1535948623070775,0.11937526509844743,bound
halo_galactico,2207795423964.291,0.06015829812454693,12.34395882885807,-1.2207044584133029,7.134506514536923e-05,-4.146636061151353,1.4504660297163945,0.04147515135966991,bound
halo_galactico,668723431093.0315,0.31684792863078975,11.825246540511296,-0.4991491276965717,0.03441455984148544,-1.463257780654385,0.9740998261922255,0.32527254405675676,bound
halo_galactico,384830674317.314,0.1225914307882978,11.585269681754042,-0.9115398861913651,0.003463752104183328,-2.460453197381511,0.8102353357799861,0.15130348600543717,bound
halo_galactico,459419191526.6374,0.15906553439683613,11.66220913321867,-0.7984239111313933,0.006338044386851171,-2.1980447236662246,0.8595233185347857,0.18506250030306606,bound
halo_galactico,557405022250.4275,0.2766369176633187,11.746170877412487,-0.5580898630278945,0.02747866797015984,-1.5610043235495443,0.9167373196381152,0.3017624697252665,bound
halo_galactico,5558586986683.516,0.07236825351434654,12.744964406352308,-1.140451908211785,4.933055617918249e-05,-4.306883988041037,1.9732226311621135,0.03667515888550591,bound
halo_galactico,515839580104.2674,0.08504926351335036,11.712514662271465,-1.0703294428212278,0.0008628457259828385,-3.064066847788522,0.893359321133181,0.095201629961693,bound
halo_galactico,1965491732193.0107,0.07240097463981757,12.29347122130772,-1.1402555874237708,0.0001397005639721575,-3.854801840632407,1.3953345869030633,0.05188789507505228,bound
halo_galactico,483031538136.30096,0.10499599704852113,11.68397548766954,-0.9788272580050847,0.0017337196889177734,-2.7610211187381686,0.8740033855130915,0.12013225439267868,bound
halo_galactico,2118607739657.5225,0.18532214624938478,12.326050554505985,-0.7320726787966012,0.002173539574898048,-2.662832447949162,1.4306656079411686,0.12953561280897552,bound
halo_galactico,1363743953781.4292,0.1926804130144308,12.134732838137053,-0.7151624314374457,0.003795036965555235,-2.420783989502764,1.2352804411616278,0.15598110889964292,bound
halo_galactico,881407488162.3643,0.17189167194214058,11.945176735819668,-0.7647451641342892,0.004168923393014398,-2.3799760852759095,1.0680219972529037,0.16094394346209076,bound
halo_galactico,967683009595.7296,0.0789672152817634,11.985733115852598,-1.1025531767784733,0.0003681658454418725,-3.433956503241392,1.1017904176628728,0.07167172087888486,bound
halo_galactico,589962363202.0554,0.05223713055994867,11.770824306599714,-1.2820206873265287,0.00017480335925720925,-3.757450225632674,0.9342491711382503,0.055913488792615276,bound
halo_galactico,1432601067771.4353,0.15519249565181378,12.156125270518729,-0.8091292829219235,0.001887656742539521,-2.724076976337873,1.255730306418415,0.1235874413945242,bound
halo_galactico,693035979418.639,0.12179930026024573,11.840755781880727,-0.9143552067276671,0.0018863172699041073,-2.724385259117102,0.9857645884690002,0.12355820211538875,bound
halo_galactico,372424276445.28107,0.18701530692240642,11.571037982681464,-0.7281228456566776,0.012706607742245373,-1.8959703767048703,0.8014331085659526,0.23335111180650245,bound
halo_galactico,357044090173.4319,0.20911766706886065,11.552721848988133,-0.679609274755746,0.01853047149115032,-1.732113530308745,0.790245264462717,0.264623752236008,bound
halo_galactico,1149226868816.0862,0.16130516970499412,12.060405771202742,-0.7923517135882636,0.0026422580577065416,-2.5780247690209066,1.1667824176749206,0.13824785775091758,bound
halo_galactico,3570112813172.7363,0.21479621145715022,12.552681939743652,-0.6679733829248292,0.002008325277260481,-2.697165945571513,1.7024796611263633,0.1261666828460322,bound
halo_galactico,1137619597011.9338,0.16820630657952246,12.055997064750704,-0.7741577251769862,0.0030266757883566364,-2.5190340973350365,1.1628409232581318,0.1446511755952223,bound
halo_galactico,908817300635.6744,0.1932025886725824,11.958476585861542,-0.7139870588797066,0.005741143212386115,-2.241001619554035,1.0789802144258365,0.1790603628217523,bound
halo_galactico,1259038900957.2212,0.10941209840930369,12.10003914886089,-0.9609346525739765,0.000752649948695815,-3.1234069636361936,1.2028210004101978,0.09096291000239512,bound
halo_galactico,2864841568421.667,0.13934061314208643,12.457100609597388,-0.8559222827662917,0.0006832327648648024,-3.1654313149496374,1.5820546767030639,0.0880757253171973,bound
halo_galactico,1193394069951.1946,0.16571248093743346,12.07678387547735,-0.7806447806686085,0.0027587854413332713,-2.5592820745365494,1.181542218107072,0.1402510027977828,bound
halo_galactico,718084362291.6863,0.22085421647734116,11.856175469208193,-0.6558943049165162,0.010853698641167125,-1.9644222410111152,0.9975004694605554,0.22140763161422702,bound
halo_galactico,2438939618625.0273,0.1262559242736789,12.38720104852096,-0.8987482344449144,0.000597022077126753,-3.2240096089090775,1.4994142543239661,0.08420349740546072,bound
halo_galactico,1412748170174.3433,0.192412574769954,12.150064753461566,-0.7157665488535774,0.0036481420713490274,-2.4379282570756713,1.2499026922154828,0.15394204362333042,bound
halo_galactico,3447581941467.0693,0.13391592997927979,12.537514597198598,-0.8731677583830757,0.0005039857656504791,-3.297581729401199,1.6827753877930673,0.07958039495390312,bound
halo_galactico,1159129751432.7578,0.14338098729581236,12.064132053027667,-0.843508433465626,0.0018398346320471085,-2.7352212104779183,1.1701242234351505,0.12253484239039743,bound
halo_galactico,372765609826.4801,0.2217705167360009,11.571435838897825,-0.6540961915951853,0.021169555016826085,-1.6742882707367548,0.8016778763032324,0.27663295107836655,bound
halo_galactico,332004737045.19916,0.060448833670872525,11.521144280264018,-1.218612074210831,0.00048134408577226367,-3.317544359949885,0.7713225809176627,0.07837036690790897,bound
halo_galactico,3782899262231.1206,0.08331161135756053,12.577824776280938,-1.0792944656149521,0.00011059308421642542,-3.956272030179168,1.7356528979981236,0.04800015685950279,bound
halo_galactico,4011280222681.349,0.07648264883451976,12.603283002274154,-1.116437079488564,8.069412230381462e-05,-4.09315809779322,1.7699009122741176,0.04321295520224825,bound
halo_galactico,865303131375.5922,0.051674558650491004,11.93716827535109,-1.2867232239696609,0.00011537140876151097,-3.9379018043134457,1.0614772993001163,0.048681736938286445,bound
halo_galactico,734318445707.6838,0.11075086119533971,11.865884437602404,-0.9556528880310353,0.0013384219217944806,-2.8734069587488835,1.0049615168133401,0.11020408179063676,bound
halo_galactico,3247173561414.298,0.21374047979762853,12.51150550228477,-0.6701132200544518,0.0021756597659853666,-2.6624090195014993,1.6495156985590187,0.12957771786248995,bound
halo_galactico,409764198780.2156,0.13274653284203694,11.61253401128478,-0.8769768132765149,0.004130205796197995,-2.384028308167698,0.8273690853478612,0.16044415387628924,bound
halo_galactico,486234245948.81,0.16578987968954348,11.686845543365461,-0.7804419836116295,0.0067805457209995056,-2.1687353512537233,0.8759308052593845,0.18927280407777078,bound
halo_galactico,1679439556740.745,0.24994445093623271,12.225164378141166,-0.6021565006578414,0.006726703152785467,-2.172197737168064,1.3240653233146025,0.18877048324967352,bound
halo_galactico,727592488738.5469,0.2789569759858063,11.861888206999144,-0.5544627735464616,0.021585375860193427,-1.665840384691902,1.0018838008390543,0.2784324646752312,bound
halo_galactico,995880770511.162,0.1466129772695089,11.998207346647975,-0.8338275869452278,0.0022895284023525747,-2.6402539645370324,1.1123899791182328,0.13179998024229397,bound
halo_galactico,876586918949.0996,0.282304095002782,11.942794985516421,-0.5492828220861206,0.01856917850787906,-1.731207308828157,1.0660713714585077,0.2648078754957631,bound
halo_galactico,1312656495895.234,0.15791570796918558,12.118151092079627,-0.8015746683131781,0.002170506275961106,-2.6634389540725345,1.219658695399191,0.1294753266343091,bound
halo_galactico,3108985177273.285,0.10292487666032114,12.4926186514598,-0.9874796447654923,0.0002537339364447722,-3.595621442809651,1.6257764793183398,0.06330813489408814,bound
halo_galactico,1075733559397.7207,0.11511182240733019,12.03170471741561,-0.938880070439747,0.0010258673649942431,-2.9889087857882255,1.1413605516918386,0.1008549158604614,bound
halo_galactico,1680268081775.0024,0.07654074718990879,12.2253785776469,-1.1161073025130033,0.0001930792742701145,-3.714264342239284,1.3242830231047893,0.05779787693000742,bound
halo_galactico,191619527368.35785,0.10054795202552183,11.282439764639141,-0.9976267707467305,0.0038380980572375414,-2.4158839339327067,0.6421964106638506,0.1565688477168278,bound
halo_galactico,961498385488.7559,0.1283502332903547,11.98294855932446,-0.8916033376148857,0.0015910270769946692,-2.79832242922249,1.0994381569581906,0.11674165798052759,bound
halo_galactico,506838276459.6707,0.21913765194165197,11.704869405397496,-0.6592829961242797,0.015021653816756535,-1.823282250823708,0.88813248237776,0.24673982349453527,bound
halo_galactico,374468618813.1656,0.33431353997388386,11.57341542885173,-0.4758460337668032,0.07219092603458059,-1.1415173872055133,0.8028968646313249,0.41638416426921077,bound
halo_galactico,492772736322.7497,0.08008730820172412,11.692646671574938,-1.096436303075408,0.0007541896395895715,-3.122519437854536,0.879839609415379,0.09102489515667428,bound
halo_galactico,763935682306.4674,0.18137001697704244,11.883056795754715,-0.7414345063480161,0.0056503562185076725,-2.2479241718521377,1.0182948584317093,0.17811149243783184,bound
halo_galactico,2092020277916.6843,0.09373271833939649,12.320565889824605,-1.0281087878315067,0.00028480256059650147,-3.5454561103724993,1.4246556855734074,0.06579324344020018,bound
halo_galactico,343370158379.21484,0.18833863464574174,11.535762548791153,-0.7250605823073596,0.014076408032633268,-1.8515081527666057,0.7800255025161963,0.24145189360886457,bound
halo_galactico,1024993290154.7123,0.14248943679036663,12.010721022408045,-0.8462173301375453,0.0020420347583470686,-2.6899368698740553,1.1231255138583314,0.1268686669763785,bound
halo_galactico,676925225541.481,0.06513566251249274,11.830540698333248,-1.186181165169506,0.0002953601834608975,-3.52964805089514,0.9780660520536466,0.06659638413553697,bound
halo_galactico,767917238617.0762,0.2320915870794067,11.885314416973314,-0.6343406016863031,0.011778769440439804,-1.9289000790855972,1.0200608774966526,0.2275271919544511,bound
halo_galactico,2243702329560.279,0.11455125654188875,12.350965238856611,-0.9410001425617461,0.00048469716150522746,-3.3145295235952235,1.4582870930341645,0.07855192375292117,bound
halo_galactico,1542909321886.6372,0.11836408694549075,12.188340402951374,-0.9267800476747109,0.0007775988273245438,-3.1092444030288804,1.2871665744334317,0.09195708566126394,bound
halo_galactico,2938254010501.8794,0.09248036129388809,12.46808933760496,-1.033950482257938,0.00019475802354716032,-3.7105046414321476,1.5954544079704898,0.05796490381165354,bound
halo_galactico,882923369998.0127,0.11198074297935734,11.945923012262535,-0.9508566553375111,0.0011506497956461131,-2.9390568353284414,1.0686339230324027,0.10478868447446985,bound
halo_galactico,570716049630.9417,0.18432238792811526,11.756420085915254,-0.7344219118610165,0.007938717018122488,-2.100249678551677,0.923977326784845,0.19948799887709376,bound
grupo,10808476450970.615,0.8330720504000564,13.033764480672257,-0.07931743588255363,0.038700747605533346,-1.4122806453732921,2.4628773188188564,0.3382515418184045,bound
grupo,16407095304305.621,1.0133964563515498,13.215031700798868,0.005779381314768239,0.045892591881754985,-1.3382574139079364,2.830513209177797,0.35802569409168017,bound
grupo,16852822585854.096,1.117903769535336,13.226672648875095,0.04840442058214817,0.05997589752723057,-1.222023244182024,2.855916476279109,0.39143433599004285,bound
grupo,36494849703230.234,0.7734996684068683,13.562231579434858,-0.11153986814315044,0.00917455395521292,-2.037415040917683,3.6948641807940183,0.20934454706820776,bound
grupo,9550472253713.777,1.2156387430179998,12.980024847197466,0.08480453281198728,0.13608958640107632,-0.8661751058148781,2.363358298267208,0.5143692109272193,transition
grupo,3829126941338.243,0.8016385199047014,12.583099764103993,-0.0960214224896504,0.09733568988602097,-1.0117278886263184,1.74269428532758,0.4599995114771463,bound
grupo,29752800197595.605,0.8431505002129844,13.473527845800193,-0.07409489799891765,0.01457550474436984,-1.83637639685032,3.451680329745357,0.24427247591470522,bound
grupo,9637827296529.684,1.7590398374962029,12.98397913976596,0.2452756751646014,0.40858651463113443,-0.38871597132553,2.3705420615982424,0.7420411837410053,transition
grupo,30910594337818.79,0.6496725398708891,13.490107355602081,-0.18730548945223796,0.006418186297434446,-2.192587681012169,3.495884461970237,0.18583924810396674,bound
grupo,17146756859491.275,0.36787437768417675,13.234181989613864,-0.43430045956730823,0.002100645531720427,-2.6776472253691623,2.8724244551713487,0.1280710366540282,bound
grupo,11326660006083.162,1.9497038941353826,13.054101864428828,0.289968659102141,0.4734130831382379,-0.3247597441757793,2.501623264914303,0.7793755044895511,transition
grupo,16675219636894.23,2.8765970548262776,13.222071562916202,0.4588790314692605,1.0327653876183185,0.01400167443820538,2.8458486975748003,1.0108046352842583,boundary
grupo,60653294592642.0,0.8453791496331456,13.782854396044204,-0.07294846778087972,0.007206698339005876,-2.142263656440217,4.376625815393982,0.19315773961294083,bound
grupo,67134102168837.22,0.44809402472151133,13.826943185168814,-0.34863084731163335,0.0009696174344709879,-3.0133995841570878,4.527262544066842,0.09897681443475295,bound
grupo,13313228845324.75,0.8792510270451669,13.124283397296471,-0.05588711571526987,0.03693953281617681,-1.432508601495655,2.6400718805275774,0.33304056360369333,bound
grupo,14324079003246.965,0.8881368073158997,13.156066707660976,-0.05152013097132045,0.03538417240164994,-1.4511909576283113,2.7052673326128724,0.3282990914092383,bound
grupo,29969814517357.71,0.9243016080854521,13.476684055113235,-0.034186291384006265,0.019063086287778735,-1.7198067863186282,3.460052093023807,0.267135171157983,bound
grupo,6368228507233.201,0.6303621853230981,12.804018638531428,-0.2004098475459327,0.02845692450930718,-1.5458120382226,2.0647184180393094,0.305301768907404,bound
grupo,16465488897287.023,1.271513588092199,13.216574630416389,0.10432100564576592,0.09032844407032421,-1.0441754705324648,2.8338672080784915,0.44868495759699023,bound
grupo,12329572061003.021,1.2428288542896924,13.09094800321615,0.0944113275514955,0.11264764643844022,-0.9482778776150371,2.573380190039364,0.4829557867509197,transition
grupo,16213167669555.65,0.5382784441329505,13.209867874010143,-0.2689930115674752,0.006959679401375326,-2.1574107657659427,2.819317001834477,0.19092512256787822,bound
grupo,6431628010093.568,1.3361506020741436,12.808320917917708,0.1258554117050798,0.26833755613050664,-0.5713185398558427,2.071547638288771,0.6450011466682409,transition
grupo,3496643670959.2334,2.3414414200695473,12.54365137734186,0.36948329675026037,2.6560402729418464,0.4242346558555478,1.6907202130229175,1.3848781140926771,boundary
grupo,2368404062780.4634,1.0738728433110543,12.374455797403048,0.03095285983867077,0.3783022506431611,-0.42216107494040944,1.4848179809383302,0.7232353440604354,transition
grupo,5115823593003.939,0.8695237942339873,12.708915560453637,-0.06071852917233109,0.0929747448018167,-1.0316350050240035,1.919374876467781,0.45302447421535963,bound
grupo,8698886217814.633,0.942843087588304,12.939463650271232,-0.025560578593353835,0.06970930564881887,-1.1567092431046677,2.2909160195695555,0.4115572458939183,bound
grupo,9939921272946.45,1.2904649642018249,12.997382944672934,0.11074621805434103,0.15641984544547965,-0.8057081475632845,2.395055604311939,0.5388037596615861,transition
grupo,59983376229789.3,0.488066625322583,13.778030906850331,-0.31152088899129926,0.0014023052795680687,-2.853157430877603,4.360452781573235,0.11193026269773994,bound
grupo,30697123359810.094,1.070509009077754,13.487097679467555,0.029590326535914403,0.02891408431329722,-1.5388905569131852,3.4878182477211324,0.30692797991328885,bound
grupo,5797865139435.615,0.8505825898195456,12.76326810928043,-0.07028351090330581,0.07679226917190374,-1.1146824990437212,2.001139304761897,0.42504916464111486,bound
grupo,16660880842771.463,2.1508419696571823,13.221697958357835,0.33260850233208816,0.4320795297224268,-0.3644363084149442,2.845032761488319,0.755999016521699,transition
grupo,9068231890788.324,0.9303554539739777,12.957522617277386,-0.03135109208489242,0.06424809416401367,-1.1921397505854365,2.322890965002345,0.4005161964083142,bound
grupo,10010889246876.488,1.9962722512857116,13.000472656685966,0.30021977000151356,0.5749403595906692,-0.2403772037347995,2.4007420787306457,0.8315229982311173,transition
grupo,14617192866432.865,0.6328877277430632,13.164863977295383,-0.19867332560076129,0.012547355094434963,-1.9014478111510404,2.723595521924943,0.23237214287081812,bound
grupo,20735279364145.25,1.2755769123885083,13.316709890941388,0.1057066500245026,0.07241794589598494,-1.1401537979212537,3.0602571126656306,0.4168201773338645,bound
grupo,9577662531733.172,1.1415424012468063,12.981259530640594,0.057492047482421184,0.11237061422534696,-0.9493472452467046,2.365599007085194,0.4825595537653584,transition
grupo,29672083089363.05,0.6975438200277998,13.472348036457024,-0.15642850461566082,0.008275659104072321,-2.0821974073573806,3.4485561197848495,0.2022712682638085,bound
grupo,5015585299983.853,1.0762949452261135,12.700321620850158,0.03193130063464928,0.17984916424410366,-0.7450915759995838,1.9067561652631324,0.5644638600539597,transition
grupo,12653733158341.275,1.6529259223333963,13.102218671826794,0.21825339062968807,0.2582127262208006,-0.5880223569911034,2.595737928257891,0.6367845938294489,transition
grupo,102137636593193.92,0.8744147869680944,14.00918580430854,-0.058282506771588125,0.004735903214462567,-2.3245971816766784,5.206947759088267,0.16793231417424548,bound
grupo,15068773670272.88,0.4959600820178611,13.178077909918846,-0.3045532768505574,0.005857312598476841,-2.2323015975238922,2.751358964546382,0.18026004182250727,bound
grupo,39959962989227.54,0.9927472466434322,13.60162507731216,-0.0031613087659402637,0.017714428238098386,-1.7516728606633551,3.808286776886073,0.26068080079178624,bound
grupo,13552894646828.016,0.6879610377596467,13.132032062360622,-0.16243615706265227,0.017381834455872554,-1.7599043906019527,2.655820016596973,0.2590390287972765,bound
grupo,20103514308761.93,0.8677180488741164,13.303271983365429,-0.06162136895949882,0.023512567357484766,-1.628699947297299,3.0288559106093476,0.28648376630750594,bound
grupo,12026129661984.238,0.9667500461044674,13.080125881962557,-0.014685798543321776,0.05435667278366665,-1.264747134645896,2.5520934897929783,0.3788066738036656,bound
grupo,10973807726384.156,0.4931540466204768,13.040357346592527,-0.30701739888279306,0.007907270570354048,-2.10197340029428,2.4753715843404085,0.19922424970062966,bound
grupo,6717089904797.269,0.5118957206209943,12.827181161146102,-0.29081850107772206,0.01444772539722982,-1.8402005214326422,2.101752984224784,0.2435565570564912,bound
grupo,17807603435944.812,1.2211584821000645,13.250605475635144,0.08677203039459454,0.07398552476080777,-1.130853241504734,2.9088619506104805,0.4198062688550005,bound
grupo,6338142275388.845,0.8052127345345037,12.801961983784981,-0.09408936531054246,0.059594483924517445,-1.2247939367699823,2.0614617467359837,0.3906028020211569,bound
grupo,21525578537738.15,0.3454188376910572,13.3329548327097,-0.46165398152770204,0.0013852219530705813,-2.8584806343461797,3.0986526555318767,0.11147388109938602,bound
grupo,30189119850392.91,1.3844329483428985,13.479850451556068,0.1412719265894643,0.06359185169748088,-1.196598528841049,3.468471280879573,0.3991478770416167,bound
grupo,16915544910401.459,1.1195063362011644,13.22828599253303,0.04902655594936317,0.060010855535389755,-1.221770181738314,2.859455111049274,0.39151037268438277,bound
grupo,9995693786725.781,0.7438793992606677,12.999812943255508,-0.1284974683265671,0.02979413592258111,-1.5258692052885832,2.3995267736415804,0.3100108769079239,bound
grupo,18150473232201.055,0.5793894220656438,13.258887952758043,-0.23702943799048345,0.007752823129394543,-2.110540123782867,2.927412592171993,0.19791860690049365,bound
grupo,9816675395213.047,1.4139870153038947,12.991964430558756,0.15044542133658068,0.20835694277528496,-0.681192023602388,2.385115579446385,0.592837943573409,transition
grupo,26757251079570.348,1.1558011228959708,13.427441493912802,0.06288311206087732,0.04174879887449635,-1.3793560147835442,3.3317196506016735,0.346908276837532,bound
grupo,2877450561013.0576,2.684530922598197,12.459007870524706,0.4288684108831332,4.864447326172209,0.6870335050713194,1.584372305883368,1.6943813727553352,boundary
grupo,9605885843221.023,1.1902383731807504,12.982537421158474,0.07563394777048872,0.1269990771416274,-0.8961994349003818,2.367920365552634,0.5026513520031186,transition
grupo,2530555121462.726,1.1743202919089761,12.403215801706601,0.06978656542716266,0.46299898348151897,-0.3344199624784868,1.5179584575706215,0.7736182015075613,transition
grupo,3773364066905.1523,0.9331532491667498,12.576728709420477,-0.03004702741954172,0.15579960464122183,-0.807433648732476,1.734193372475644,0.5380906558503501,transition
grupo,37787814995319.37,1.4028771971141292,13.577351780434867,0.14701965609614237,0.05286196840648371,-1.276856669199814,3.7379935342644663,0.3753022000318084,bound
grupo,25900893353648.496,1.2957324528603984,13.41331474369009,0.11251533622466767,0.06076694566795811,-1.2163325920694614,3.2957900144122187,0.3931477573493053,bound
grupo,7049883143808.869,1.680004718672764,12.848181918350322,0.2253105015417351,0.4866152657876806,-0.3128142707784909,2.1359049642912584,0.7865540587056165,transition
grupo,3750798989954.652,0.8056786859740392,12.574123790385686,-0.09383812535471125,0.10087835147251031,-0.9962020235031935,1.7307295780851841,0.4655139059132581,transition
grupo,1154555745296.797,0.8348849933066109,12.062414906755421,-0.07837334512991322,0.364670977188959,-0.43809879919853484,1.1685830641193984,0.714442147025081,transition
grupo,8124124537317.73,0.8199010247914748,12.909776572223578,-0.08623857076415642,0.04908444202293514,-1.3090561415694209,2.2393061684858813,0.3661406538909573,bound
grupo,88541169542359.94,1.3878556884836133,13.94714525428659,0.14234430981221805,0.02184358003023155,-1.6606761819033105,4.964814619939752,0.2795382697492248,bound
grupo,17873495487761.63,1.8608330001084172,13.252209495012277,0.26970739925341175,0.2608247775726262,-0.5836511543054158,2.91244534425654,0.6389246080713772,transition
grupo,8019544468167.384,0.8268156935146865,12.904149699882678,-0.08259128876687412,0.050993236452694345,-1.2924874232366745,2.2296559421780655,0.37082658264620055,bound
grupo,18313783396339.34,0.8385727179457347,13.262778073325107,-0.07645927100275642,0.023295940940252922,-1.63271974338675,2.9361662576705445,0.28560123792548114,bound
grupo,3578199712253.7837,1.1390266889126375,12.553664576451945,0.056533900296563855,0.2987949598292968,-0.5246267326156275,1.7037641582418468,0.6685354210573518,transition
grupo,9906878187658.158,0.9031563297114653,12.995936823055827,-0.04423707000232226,0.05380072274233235,-1.2692118901161673,2.392398712595867,0.37751079072078986,bound
grupo,13640086220585.258,1.4837804942830246,13.134817115555508,0.1713696575651802,0.17327184511789756,-0.7612719999133413,2.66150318894505,0.5574971694364779,transition
grupo,11745317789932.832,0.3932602832530014,13.069864771862633,-0.4053199123114284,0.00374637834240097,-2.4263883658502925,2.5320729262198154,0.15531159437817135,bound
grupo,23811247136956.543,0.7098933232917843,13.376782142591528,-0.14880690844504102,0.010870093382313149,-1.963766724980025,3.204660297168877,0.22151905583219914,bound
grupo,16619801375103.021,0.7230445549075898,13.220625829182618,-0.14083494011306025,0.01645528821664527,-1.7836945065751721,2.8426925767420492,0.254352004442301,bound
grupo,21573176981290.926,0.382239811090899,13.333914106337799,-0.4176640822295061,0.0018729655524853987,-2.7274702100796913,3.1009349397362542,0.12326598865160643,bound
grupo,7228858123969.047,0.6707259048184668,12.859069701219234,-0.17345491998638474,0.030199634149294163,-1.5199983182317618,2.153828830957727,0.3114109604151878,bound
grupo,25955858203221.297,0.6843399585412522,13.414235392943691,-0.1647281008522667,0.008933393153214403,-2.048983552553865,3.2981197231231416,0.20749397110824683,bound
grupo,46787294398494.85,0.9200282486714128,13.670127931668397,-0.03619883781338946,0.012042362544606193,-1.9192883021619387,4.013875794839822,0.22921193771221998,bound
grupo,5760334031578.326,1.5861120351808877,12.760447668122005,0.20033386049884744,0.501175758492213,-0.30000994367883643,1.996811986763634,0.7943221723902033,transition
grupo,6156112113658.57,0.9034187144370802,12.789306520499904,-0.044110917214326424,0.08665564732062891,-1.0622031291962575,2.0415348245023743,0.4425193749302264,bound
grupo,36942349924755.49,0.6523092399660888,13.567524517712082,-0.18554646964880767,0.005435909481725539,-2.2647277837118787,3.7099050244654466,0.17582909418552536,bound
grupo,10790202735582.25,0.9766707527314707,13.033029604656729,-0.010251817418435217,0.06246706281813039,-1.2043489139654087,2.4614885536582642,0.39678053805285535,bound
grupo,39024512565241.25,1.5447252724050862,13.591337487223294,0.18885125185944288,0.06833644958331728,-1.165347588698339,3.7783348849612066,0.4088375751322388,bound
grupo,8812771318957.824,0.6673096620583685,12.945112500837736,-0.17567258690068288,0.024395284171266133,-1.6126941185931583,2.3008701999072194,0.290024905396783,bound
grupo,40669230169576.63,0.6856405914773817,13.609265951694749,-0.16390347910586073,0.005734027268582707,-2.2415402460657043,3.830686427279615,0.17898635257501186,bound
grupo,13996518930756.777,1.260488282035484,13.146020035881907,0.10053881266936021,0.10352197408620456,-0.9849674549272003,2.6844869534668954,0.4695453186716439,transition
grupo,15501727138392.69,0.9122702223345318,13.190380088162943,-0.03987650083154409,0.03543451984935445,-1.450573447710949,2.7774610784901115,0.3284547277366212,bound
grupo,44427441898581.375,1.3078178009445915,13.647651307584466,0.11654724432770537,0.03642726526816843,-1.4385734316547238,3.945224500909386,0.3314938859989173,bound
grupo,9405466326353.828,0.9943598438578983,12.97338033289454,-0.002456422523153417,0.07562868384230814,-1.121313457517373,2.3513361994255453,0.4228913943062801,bound
grupo,5896676011253.957,1.3375174496224798,12.770607266426264,0.12629945665612208,0.29358052750827707,-0.5322727535112718,2.0124435536275107,0.6646235851989739,transition
grupo,8770059244878.242,0.651157338621039,12.943002527190076,-0.18631406052731536,0.022776733176292516,-1.6425085658253964,2.297147037595885,0.2834634997081066,bound
grupo,18126622181875.26,0.9950038538483346,13.258316882725099,-0.0021752371418881393,0.039318192877140105,-1.405406451204137,2.9261297519544787,0.3400409203261516,bound
grupo,3564382680440.5435,0.9163804120365888,12.55198432473682,-0.03792420258536822,0.15619934574143418,-0.8063207895462982,1.7015683306024814,0.5385504628615897,transition
grupo,21043346964445.25,0.6041428411851216,13.323114815927893,-0.2188603663387435,0.007581239697054306,-2.1202597719974974,3.0753382579068873,0.19644760690367394,bound
grupo,8155114045640.122,0.5230870512005061,12.911430038833789,-0.2814260306163639,0.012697786256494394,-1.8962719877362542,2.242149836850782,0.2332970984379927,bound
grupo,31749320230537.035,1.328724143353931,13.501734431256747,0.12343482634943911,0.05345719795066515,-1.271993809261803,3.5272217414077,0.37670558892156364,bound
grupo,1828137651530.634,0.8646265578871662,12.262008893284834,-0.06317142879923605,0.2558073173389275,-0.5920870367359163,1.362043308017476,0.6348010762929959,transition
grupo,6678854443500.849,0.6546204213419768,12.824701978713541,-0.1840104506965193,0.030388048588659795,-1.5172971878564732,2.097757481225601,0.31205724551129677,bound
grupo,3233971193092.9424,0.9609212362624281,12.509736147068065,-0.017312208646199805,0.19850130667506924,-0.7022366300600378,1.6472771266029786,0.583339148430989,transition
grupo,6468739866084.142,1.59603861404506,12.810819686772616,0.20304339432287447,0.45472270438072115,-0.3422533608573665,2.0755244219991966,0.7689808884579233,transition
grupo,15370325523457.955,0.38856813943190566,13.186683065388129,-0.4105328121669461,0.002761561001781826,-2.5588453589423414,2.7695910099083134,0.14029802163633145,bound
grupo,10896089982551.35,0.5377804817060537,13.037270681092586,-0.26939496418259873,0.010327152001969049,-1.9860194306937564,2.469514114511031,0.21776772950841602,bound
grupo,10264028537803.98,0.6821508748709442,13.011317850868194,-0.16611955954114815,0.022374823258468488,-1.6502403865450122,2.420809245373087,0.281786297774079,bound
grupo,11073509817340.027,1.8323658787887005,13.044285295016978,0.2630121960096592,0.40196425606342684,-0.39581256404137444,2.482845624626546,0.7380103944498416,transition
grupo,14831527597934.418,1.1242571465576021,13.17118588421698,0.050865656925473374,0.06931819245553322,-1.1591527704939337,2.7368431833446523,0.41078610327379644,bound
grupo,5584861215582.403,1.3744125220218573,12.747012385319913,0.13811710328302082,0.33633732631755103,-0.4732249325242239,1.9763267432035256,0.6954379010193447,transition
grupo,22253451238720.824,0.623406081402578,13.347397374314667,-0.20522896544272148,0.007876837251225672,-2.1036481276962053,3.133192491575375,0.19896833120812452,bound
grupo,21474995902324.46,0.6287580269400737,13.33193308963492,-0.2015164575486947,0.008374399608672336,-2.0770463193343773,3.0962235926705075,0.20307255213366773,bound
grupo,17169722583177.295,1.2039445053730475,13.234763278179635,0.08060646901008788,0.0735346909975104,-1.1335077282027448,2.8737062889587763,0.4189518288625349,bound
grupo,19714542580340.07,1.0244467277253102,13.294786704962942,0.01048937956838038,0.03945641080883856,-1.4038824233111742,3.0091940008724793,0.34043891069445315,bound
grupo,15986238953713.668,1.255373588502462,13.203746300283031,0.09877298739554277,0.08953829182844322,-1.0479911951497767,2.806101563700858,0.44737282667944445,bound
grupo,64904626632143.26,0.9251650576387022,13.812275655955872,-0.03378077836712138,0.008827102139446149,-2.0541818481106104,4.476581590012407,0.20666775284579098,bound
grupo,11735917290473.576,1.1221886471519305,13.069517040131622,0.05006587076183285,0.08711976897847756,-1.059883284899497,2.5313972214072686,0.44330800305140455,bound
grupo,9829261144399.623,1.0677299754635712,12.992520873582897,0.02846143528291965,0.08959825989189237,-1.0477004247875121,2.3861344460078895,0.44747268002854224,bound
grupo,6859071765986.093,1.3803783210221667,12.836265346874917,0.13999813003528655,0.27743751520919013,-0.5568348138224314,2.11645839032238,0.6522114147549609,transition
grupo,5479085345255.019,1.3972093741767033,12.738708065297757,0.1452614907500047,0.3601741582726668,-0.44348745010111706,1.9637700888272323,0.7114933576624134,transition
grupo,4617797394254.797,0.5110025190043825,12.664434874339623,-0.29157695899051855,0.02090597331122252,-1.6797296083645525,1.854953001453699,0.27548003566878376,bound
grupo,6150648951649.384,0.3939958614841196,12.788920940369179,-0.404508339961354,0.007194327149110863,-2.143009817306615,2.040930734551874,0.1930471499174268,bound
grupo,11892190743880.695,1.5146565650530877,13.075261866421775,0.18031417157727128,0.211405747955694,-0.6748832087433346,2.5425835985462317,0.5957155414355383,transition
grupo,16481748961125.674,1.636027188577855,13.2170032949742,0.21379051678714858,0.19222257836462023,-0.7161956016661281,2.834799738381207,0.5771226681120328,transition
grupo,13118969442881.486,0.6550702199558104,13.117899720493256,-0.18371214351240073,0.015502437600152531,-1.8096000080838317,2.627168082259555,0.24934461726270765,bound
grupo,6793016240686.673,0.4626255632090898,12.8320626528996,-0.3347703731782131,0.010545383313648725,-1.9769376294876129,2.1096423574646623,0.2192909909929314,bound
grupo,26005463423316.867,1.0419005511870545,13.415064597406987,0.017826267781296163,0.031466638359007905,-1.5021496511164725,3.3002194397622375,0.3157064462544096,bound
grupo,22845172164271.5,1.4707907190931584,13.358794435305331,0.1675508807430953,0.10076143638502615,-0.9967056501294189,3.16072053079261,0.46533399734785474,transition
grupo,11069374796186.291,2.1065269226575416,13.044123092402293,0.3235670140381766,0.6109618500187024,-0.21398590734113693,2.4825365417335568,0.8485381331734809,transition
grupo,7438396926090.961,1.2386070937683133,12.87147934936735,0.09293356297826118,0.1848236243944925,-0.7332425174859403,2.174441536746624,0.5696207843883925,transition
grupo,19586181392160.207,0.857217433049533,13.29194977229043,-0.06690900538542509,0.023268016039409683,-1.6332406455000787,3.0026488311300157,0.2854870753323918,bound
grupo,14648419056988.615,0.6906157652394503,13.165790755620137,-0.16076351188527527,0.01626877495664191,-1.7886451483293364,2.7255335826726683,0.2533873622508184,bound
grupo,3918821293659.063,1.0047574441019407,12.593155459204732,0.002061232500717795,0.18726834881773816,-0.7275356187559527,1.7561964924192466,0.5721213135540648,transition
grupo,11918096852640.277,0.8833490642138355,13.076206910405459,-0.05386764669934615,0.04184333510015743,-1.378373707556871,2.5444285256607637,0.34716992649044376,bound
grupo,15549360563214.041,0.6565801925515129,13.191712534226033,-0.1827122230311869,0.01317003531857422,-1.8804130603729676,2.7803030135315545,0.23615418512154238,bound
grupo,6096868453180.391,2.3376313187701507,12.785106824729287,0.3687760171553916,1.5158539846276091,0.1806573696835145,2.0349647651013014,1.148733068434127,boundary
grupo,14670509180497.773,2.09570578571887,13.166445187493105,0.3213303123729836,0.45392269045170325,-0.34301810742752814,2.72690294851582,0.7685296562752651,transition
grupo,3897733395976.7373,1.6013592141493143,12.590812130159774,0.20448876303997712,0.7622374839310052,-0.11790969809321672,1.753040686266067,0.9134752129228497,transition
grupo,36954313176660.07,0.6827267642493935,13.56766513500426,-0.16575307160564295,0.006230340654868183,-2.2054882068745627,3.710305447813532,0.18400823701771551,bound
grupo,34417751512943.24,1.4252907885780182,13.5367824947708,0.15390347837351018,0.06086450345382854,-1.2156359167036441,3.6233930803017493,0.3933580367878063,bound
grupo,10271146719394.416,1.303565187078405,13.011618932993962,0.11513275370962232,0.156032645196384,-0.8067845289184683,2.4213687325771263,0.5383588090240954,transition
grupo,16873649288561.736,1.2013186305799575,13.227209018243675,0.07965821235672953,0.07433644052053183,-1.1287982382268604,2.8570924383158625,0.4204689405457546,bound
grupo,1805208259742.807,1.678571125065736,12.256527311970043,0.22493974806787986,1.8955187083771883,0.277728075180223,1.3563248631930964,1.2375878158821028,boundary
grupo,4957678032899.835,1.3012681669115485,12.695278318907134,0.11436680571502993,0.3215572021116435,-0.4927417588154179,1.899389612831676,0.6850980747291614,transition
grupo,9935217474833.969,1.3589471354827307,12.997177377946754,0.13320256253478038,0.18275381539927912,-0.7381335473957863,2.3946777463364737,0.5674864342652084,transition
grupo,5305831362519.388,1.3020963784981752,12.7247534425006,0.11464313100699781,0.30103160454699673,-0.5213879065329796,1.9428492313017018,0.6701993945385949,transition
grupo,22389209953015.71,1.1517081853530604,13.35003876892073,0.06134245344037906,0.04936563574391397,-1.306575265652966,3.139550997855337,0.36683850211059016,bound
grupo,62958414969242.52,0.47747429555150067,13.799053785761798,-0.321050003348553,0.0012509280965814365,-2.9027676528608306,4.431382254933438,0.10774838821903271,bound
grupo,4877360403918.742,1.0352656250338153,12.688184848199745,0.0150517939339003,0.16459122461624975,-0.7835933234514177,1.8890765998707408,0.5480273405031076,transition
grupo,6410439541075.677,0.7941187447047052,12.806887808570183,-0.10011455259284253,0.05652032840433741,-1.2477953234020844,2.0692702878866203,0.38376752875321657,bound
grupo,15219729328769.906,0.588340340659882,13.182406928908476,-0.23037137237520366,0.009680885797504951,-2.0140849030874604,2.760515957573213,0.213126947897485,bound
grupo,46120143719765.25,2.0078302427956185,13.663890651974867,0.3027269914741483,0.1269774102961574,-0.8962735346057965,3.9947061330418583,0.502622765211195,transition
grupo,4700769871524.239,2.047477610413514,12.672168990611034,0.3112191613594266,1.321066368234382,0.1209246364138718,1.8659970345198276,1.0972566261019736,boundary
grupo,15387307854059.31,1.7565467303646667,13.18716264280743,0.24465970805321013,0.25483121465456443,-0.5937473757011728,2.7706106542960254,0.6339926281742324,transition
grupo,54632943227107.59,1.1115740897585529,13.737454597784588,0.04593841503405743,0.0181884960572072,-1.7402032097357893,4.226746012447576,0.2629857782996701,bound
grupo,3325709401409.5176,1.7503001168089756,12.521884298137255,0.2431125217714782,1.166512535452369,0.06688941012380545,1.6627082502440647,1.0526802381308047,boundary
grupo,4483588820411.676,1.0050081242566695,12.65162577760396,0.002169572508328598,0.16380195577128195,-0.7856809171323472,1.836805670918768,0.5471499463271832,transition
grupo,8948241318285.758,1.0876859279565754,12.951737687738706,0.036503509841600286,0.10404207011683093,-0.9827910152672794,2.3125999660467387,0.4703303398451199,transition
grupo,8275496426936.0205,0.6355872159346406,12.917794055500606,-0.19682484668315692,0.022447477627930142,-1.6488324526034501,2.253128550946987,0.282090968874148,bound
grupo,24233182372916.113,1.1788496932203072,13.384410450713775,0.0714584348097912,0.04891037545673076,-1.310599003337775,3.223478435886422,0.36570733034736,bound
grupo,15296106612531.066,1.0253436994808311,13.184580901937293,0.010869467116395077,0.050987491081285814,-1.292536357641482,2.7651259607741308,0.37081265520134704,bound
grupo,3011364172623.539,0.5828041276703559,12.478763279125255,-0.2344773810302036,0.047559876776701496,-1.3227592792692398,1.6085789408764697,0.36230993261219885,bound
grupo,19071885951368.22,0.9790041209001002,13.280393641015284,-0.009215480126987443,0.035595578996529306,-1.4486039384496199,2.9761341233253793,0.32895161317736965,bound
grupo,7904263131863.9795,0.9674948869122654,12.897861389425522,-0.014351321494225525,0.08289355952518052,-1.0814792109615723,2.218920532286938,0.4360205211653585,bound
grupo,35160620112343.125,2.106497800507671,13.546056525929433,0.3235610099960352,0.19233691550173265,-0.7159373529947015,3.649276700821164,0.5772370727694243,transition
grupo,7591793074537.99,1.4486330830053697,12.880344362247078,0.1609583991324137,0.28971232944067743,-0.5380330219032106,2.189287209404479,0.661691657806479,transition
grupo,7536759393684.587,1.0047550068737199,12.877184650914216,0.002060179036463883,0.09737153784891456,-1.0115679708581986,2.1839842528453786,0.46005597593695396,bound
grupo,19471350019589.78,1.1086174640838202,13.289396063781586,0.044781715764194936,0.050627353597487545,-1.2956147735423753,2.996769272139542,0.3699375438711447,bound
grupo,23282213574103.938,1.0184934211325474,13.367024268817927,0.00795822805875565,0.032831184998789925,-1.4837134416950335,3.180748824060043,0.3202055482747925,bound
grupo,18064867369907.23,0.9193385738405762,13.256834777377671,-0.03652451726319859,0.031119156289845372,-1.5069721862206409,2.9228030025027656,0.31454004017833437,bound
grupo,3236241620322.3335,0.6385032386699608,12.510040938915317,-0.19483689552989164,0.05819484522031195,-1.235115482558366,1.6476625297421352,0.38752064038859263,bound
grupo,19422809650815.312,0.9393137117058832,13.288312053974888,-0.027189337969247267,0.030871382238498103,-1.5104439249360035,2.9942769722611224,0.3137030142527404,bound
grupo,5470061157060.648,0.7340105697537417,12.73799218191396,-0.13429768619745241,0.05230592689019997,-1.2814490975596908,1.96269137052192,0.3739816564020217,bound
grupo,15217616634302.576,0.5955842479634827,13.182346639055892,-0.22505679700616635,0.010044286985185964,-1.9980808871277647,2.7603882199386494,0.2157610453709007,bound
grupo,3996620830581.8203,1.2360041433938709,12.601692947610328,0.09201992661855624,0.34182433312258104,-0.46619702480803316,1.767742221378177,0.6991993111021868,transition
grupo,18039012173261.055,1.1760550166031694,13.256212751640073,0.07042763878798229,0.0652388516186328,-1.1854936923294996,2.9214079239348707,0.4025644645404844,bound
grupo,6571891481003.627,0.47686192537519795,12.817690383492419,-0.321607352046254,0.011937783635256686,-1.923076296684555,2.086498516103047,0.22854649629266588,bound
grupo,4477935898830.326,0.9504226228641129,12.651077872408816,-0.0220832347491229,0.13871025377572818,-0.8578914337095587,1.8360333963216675,0.5176499647382241,transition
grupo,22378813024920.92,1.510867048417121,13.349837047768839,0.17922624946198623,0.11150076410171568,-0.9527221564362539,3.1390649491443994,0.4813111779764006,transition
grupo,15295919263033.45,1.5511731295594868,13.184575582586863,0.19066027300133775,0.1765392915204722,-0.7531586206362235,2.7651146714727033,0.5609796749345408,transition
grupo,7675525511457.3,1.5298562733561494,12.885108119512486,0.18465063171934296,0.33750477267320145,-0.47172008140783084,2.1973065932129097,0.6962416069207656,transition
grupo,40542693406045.734,1.0162589356652298,13.607912597157371,0.007004377242262764,0.018729952565971982,-1.7274633224839568,3.8267094136380178,0.26556992596390583,bound
enxame,268896714003342.6,2.8453727564756974,14.42958549504987,0.4541391689652299,0.06198236665934558,-1.207731845207555,7.1897940567174,0.3957516354473708,bound
enxame,225536260448217.03,1.3648519948288358,14.35321637524542,0.13508555883892698,0.008155985485263745,-2.088523555782013,6.780474350449535,0.20129152095949573,bound
enxame,646061065796772.1,2.6104601896874176,14.810273569520113,0.416717074474177,0.019921122077187495,-1.700686203150956,9.629693747908386,0.2710844454689353,bound
enxame,662780330081566.0,3.1455261122729183,14.821369610996852,0.4976932947885398,0.0339739791808058,-1.4688535836846064,9.71205551078184,0.3238785145720092,bound
enxame,1294034799710297.0,2.7536062090926015,15.11194595571362,0.4399018322730021,0.011673354756442846,-1.9328043159479882,12.138637372809198,0.22684640166125541,bound
enxame,1127180554898331.5,3.0277292566163188,15.051993488109465,0.48111703740182327,0.017815325720758626,-1.7492062329573694,11.592731619111989,0.2611747909030128,bound
enxame,454660086170000.0,1.4299371333987099,14.657686829910023,0.15531694430548015,0.0046526474546107355,-2.3322998540469566,8.565450881843919,0.16694242406196386,bound
enxame,200379883034824.4,2.7099821157348667,14.30185411876452,0.4329664247993913,0.07185902140624674,-1.1435187014197206,6.518374753911789,0.4157450619279844,bound
enxame,396173925726186.1,2.1457584847440216,14.597885888956512,0.3315808384847285,0.01804233612783193,-1.7437072305556998,8.181191943458352,0.2622794452903359,bound
enxame,588185050765407.2,2.0079531456828477,14.769513982339367,0.30275357460405683,0.009958246777493516,-2.0018171155805704,9.333100587531947,0.2151432020742672,bound
enxame,431850435079086.4,3.3058937963185713,14.63533336147539,0.5192888975071562,0.060529832760831646,-1.2180305260072946,8.419747601106446,0.39263573600283946,bound
enxame,327396389255781.25,4.1369847664952175,14.51507388541515,0.6166839217078768,0.15646385368320107,-0.8055859773448937,7.677371935766342,0.5388542851782875,transition
enxame,603841755103301.5,4.646213996136584,14.780923140790367,0.6670992087360574,0.12017403083369213,-0.9201893716355691,9.415188064254867,0.4934807424374367,transition
enxame,345727179185691.9,3.893760717939428,14.538733522748604,0.5903692594409449,0.12354079692653354,-0.9081896014791434,7.818062294900222,0.49804677566708005,transition
enxame,315514158861735.94,2.3037881015886423,14.499018853207879,0.3624425309391706,0.02803786127073366,-1.552255117443741,7.583346554092357,0.3037957035400686,bound
enxame,630470698054107.9,2.731713985310573,14.7996649069771,0.4364352260842149,0.023392514870203593,-1.6309230857778287,9.551602810938581,0.28599534961631673,bound
enxame,372702558742914.9,3.181937606645078,14.571362374358653,0.502691659485479,0.0625386852800964,-1.2038512529555896,8.016326740746331,0.3969321248436083,bound
enxame,599947716220418.2,2.508351944523225,14.778113404473071,0.39938847188791393,0.01903216324536487,-1.7205118458627036,9.394905596555441,0.26699064921343013,bound
enxame,612950335810766.8,2.5172263547998583,14.78742528731268,0.40092227006584713,0.01882685014676522,-1.7252223341685116,9.46229277344014,0.2660271051711168,bound
enxame,216462524768791.16,3.249379985403998,14.335382719650696,0.5118005011001892,0.11467135031875791,-0.940545073403502,6.6882966221001094,0.4858307232766989,transition
enxame,351562739803555.6,2.3470091170491467,14.546002840363068,0.37051477663585086,0.02660588027758662,-1.5750223675088888,7.861804363918572,0.29853313672121484,bound
enxame,1445734752758952.8,1.8336400669557058,15.160088620773267,0.2633140901802142,0.003085245962972298,-2.510710207285999,12.595560335397062,0.1455782845803741,bound
enxame,212879850193809.47,2.059132576766456,14.328134555925027,0.31368430946626263,0.029672525751614654,-1.5276454845796132,6.6511917885963,0.30958851318900626,bound
enxame,105358741973161.33,3.0298816189602835,14.02267057632943,0.48142566043739876,0.19100403764911866,-0.7189574520706077,5.261119234397544,0.5759005800801317,transition
enxame,127118731647872.03,2.4014797373004093,14.104209550962395,0.3804789265919929,0.07882488970906405,-1.10333662823979,5.600899792963779,0.4287667742810373,bound
enxame,512053315973296.5,2.719152695397148,14.709315182904533,0.4344335962989341,0.028406763065887,-1.5465782510611041,8.911681980028852,0.3051222767476207,bound
enxame,512735667020606.0,3.0705252900487765,14.709893528970463,0.4872126787523504,0.04084892672289253,-1.3888193497667858,8.915638727143003,0.3443976796301525,bound
enxame,459583603748545.44,2.0894181644111773,14.66236452626396,0.3200253659363825,0.014359777625072366,-1.842852285508187,8.596258387653647,0.2430613495066759,bound
enxame,1226141933208830.5,3.1695653186930595,15.08854074525712,0.5009997061807689,0.018788604137054184,-1.726105483768187,11.922523874543511,0.26584684183024254,bound
enxame,69934742703130.16,2.758130536407409,13.844692981407059,0.4406148165533431,0.21706390472852224,-0.6634123888004034,4.58936162096987,0.6009834840220181,transition
enxame,670963414035680.6,1.52205345791532,14.826698839817864,0.18242990609416343,0.0038021305209806453,-2.4199729785887474,9.751862420651992,0.15607823329131404,bound
enxame,1583653717454974.2,4.08102040828466,15.199660224577142,0.6107687665897991,0.03105147381169439,-1.507917781861119,12.983985661280183,0.314311838810386,bound
enxame,218328361360741.5,1.9947149424817028,14.339110155234652,0.29988084099889345,0.02630077286565382,-1.5800314892913452,6.707458651131542,0.2973875868985336,bound
enxame,378845310919338.4,1.3037212521764776,14.578461916227234,0.11518474509037058,0.004231832426104562,-2.3734715380094955,8.06012773445993,0.16174945300216553,bound
enxame,287789262656237.6,1.6322737877651723,14.45907458648684,0.21279300646619162,0.01093303090771301,-1.9612594241416395,7.35438138497741,0.22194576298414065,bound
enxame,259304029284383.75,1.6467693464600395,14.41380926525519,0.2166327742914685,0.012460205373180384,-1.904474799434159,7.103259935075999,0.2318328994731375,bound
enxame,394090674737410.8,2.445387742552827,14.595596158392626,0.38834773098520536,0.026846222019973366,-1.5711168224903833,8.16682667219327,0.29942936720807095,bound
enxame,1434812959923241.2,2.168622298954606,15.15679529077904,0.33618391911260204,0.00514271680388322,-2.2888073904946085,12.563762438018234,0.17260930470893854,bound
enxame,1940723819249557.8,2.1188825539637284,15.287963736156005,0.32610688517750513,0.0035464436390329067,-2.4502069376768634,13.89448745745207,0.1524980723795826,bound
enxame,391290629774016.56,3.0140629220796264,14.592499447987151,0.47915231447719664,0.05062833421794415,-1.2956063616089353,8.147438701717528,0.3699399323426937,bound
enxame,2039948805408560.8,2.71881750715103,15.30961926850063,0.4343800577908326,0.007127825316975576,-2.1470429521815055,14.127360964585208,0.19245048767187475,bound
enxame,514498926132064.1,2.69505516580152,14.711384472635078,0.4305676593030858,0.027526731595881485,-1.5602453517791948,8.925847102823218,0.30193830733993665,bound
enxame,1824656541997483.0,2.789796680437107,15.261181128544345,0.4455725531725908,0.008609395796244678,-2.0650273260799468,13.611782319038433,0.2049545471010871,bound
enxame,467890720534235.4,3.0101043189802317,14.670144432110883,0.47858154688035814,0.04217318019020242,-1.374963648523182,8.647742773025442,0.34807977040777965,bound
enxame,551999271200690.75,1.1033859900436458,14.741938504334765,0.042727465315609114,0.0017606783927708331,-2.754319965441312,9.137641609883563,0.12075172535221654,bound
enxame,656072495524645.4,2.097441610736846,14.816951831245706,0.3216898796376862,0.010175457638469613,-1.9924460493860219,9.679179920320665,0.21669621062972852,bound
enxame,5214746213109322.0,1.0744009648724429,15.71723317739761,0.03116638968168417,0.00017206880183364963,-3.764297865405931,19.316673749255855,0.05562039193801844,bound
enxame,938450530062589.0,2.4309139635403683,14.972411383950332,0.3857695882876473,0.011074739610108915,-1.9556664761407638,10.905822216501436,0.22290056772264166,bound
enxame,297629072123165.94,2.3947419632613856,14.473675350415531,0.37925872444410474,0.033383891933937274,-1.476463034136591,7.437261795622181,0.3219924253131724,bound
enxame,1023479901092694.8,3.526023187722319,15.010079318488273,0.5472851639663489,0.030989339248615216,-1.5087876836426006,11.22572481589053,0.3141020509188922,bound
enxame,383896000988648.2,3.715536250450436,14.58421358813301,0.5700215028353793,0.09666896378411251,-1.0147129366802465,8.095788398631333,0.4589468088220514,bound
enxame,349365440054779.1,2.5849015545052554,14.543279941471612,0.41244400772037876,0.0357674702532783,-1.4465117753638497,7.845391119225456,0.3294802662127127,bound
enxame,978931796931124.6,1.9949969111984422,14.990752435165476,0.299942227616496,0.005868274094792195,-2.2314896093693615,11.060432187639693,0.180372419210517,bound
enxame,512799257979080.94,2.8683079590618976,14.709947388086768,0.4576257780073181,0.03329400871527469,-1.477633911118187,8.916007292995891,0.3217031867296858,bound
enxame,615381296778516.8,1.974845742447166,14.789144292643778,0.29553317802810986,0.009055061084955103,-2.043108615612822,9.474785423400776,0.2084317115583116,bound
enxame,506378515189278.25,2.397602461293292,14.704475270996893,0.37977717576906417,0.019692116628352747,-1.7057076007430745,8.878638546471931,0.2700416791092388,bound
enxame,642253678724720.9,3.449703828797151,14.807706600513738,0.5377818107137229,0.04624608515930743,-1.334925025425943,9.610739795902077,0.35894258944228935,bound
enxame,685471001928169.8,1.9532443855688957,14.835989087179566,0.29075658464169224,0.007865327482066906,-2.1042831903078634,9.821646856493,0.19887137199171684,bound
enxame,120273675098795.7,3.2278146046412237,14.080170581534267,0.5089085822788002,0.20229786913954845,-0.6940086917512401,5.498507387210089,0.5870346945699019,transition
enxame,819036495514438.0,3.0788194322882414,14.91330325395505,0.4883842189907684,0.025780156293872678,-1.5887144540361184,10.422111225329868,0.2954122601191866,bound
enxame,243082551170695.47,1.687459309410056,14.385753785654304,0.22723330925906857,0.01430152287442151,-1.8446177149304717,6.951937850272075,0.24273222024618857,bound
enxame,173166658471730.0,3.4341800464157637,14.238464276620988,0.5358230605147841,0.16921585313620444,-0.7715589521300092,6.208824410439087,0.5531127665072588,transition
enxame,480074238788224.56,3.1029202613799898,14.681308401965222,0.4917706152594408,0.045023534621158316,-1.3465604132402729,8.722160747033943,0.3557513271508059,bound
enxame,533180086846872.06,2.4906238467363107,14.726873921060625,0.3963081419796252,0.0209646032463602,-1.6785133521751225,9.032596138992051,0.27573731941636875,bound
enxame,300661643659278.56,1.8114579068549972,14.478078027336869,0.25802824671557567,0.014303517634916342,-1.8445571442435156,7.462436147965638,0.2427435050615241,bound
enxame,924549556176483.2,1.7479420772654362,14.965930194453751,0.24252703702790882,0.004179141341882071,-2.3789129404233984,10.851705951264394,0.16107532632339466,bound
enxame,186424912001246.0,1.9677684256157355,14.270503946761309,0.2939739876955164,0.029570193011214406,-1.5291458407281335,6.3634006493838875,0.30923220680851793,bound
enxame,371345358857026.9,2.929645784247265,14.56977800039278,0.4668151141267136,0.048989553917501406,-1.3098965150660136,8.006584395712595,0.3659045654743921,bound
enxame,325716888048576.0,1.6869413092486576,14.51284027682144,0.22709997321577632,0.01066340209262514,-1.972104214227484,7.664221447692102,0.22010602391409761,bound
enxame,484275026420667.25,2.818395649410505,14.685092073491411,0.45000195977917923,0.03344644385268685,-1.4756500512072475,8.747527373371558,0.3221934072467168,bound
enxame,615512066253794.0,1.5181654910185727,14.789236571087116,0.1813191153794572,0.004112983033469087,-2.3858430820021184,9.47545651137555,0.1602208283258936,bound
enxame,238492241910001.94,2.225097401157892,14.377474256120465,0.34734902648978416,0.033420193977397095,-1.475991033704486,6.907899931739891,0.32210909583883585,bound
enxame,854614892958398.4,2.4977193636174584,14.931770456785992,0.3975436407318414,0.013191573705763926,-1.8797033916438421,10.570887184708942,0.23628285119062412,bound
enxame,525001758238733.9,5.905012526167532,14.720160757867102,0.7712208232094266,0.2837512965972739,-0.5470621452921962,8.986174993669392,0.6571219156457017,transition
enxame,124330362228529.62,1.4442071644383905,14.094577198940188,0.1596294951167412,0.017528608021689384,-1.756252570643338,5.559644452115805,0.2597661013895909,bound
enxame,118372477967236.11,4.125934513819148,14.07325073907295,0.6155223306384213,0.4292916050593889,-0.36724760421106023,5.469381265663479,0.754369518856104,transition
enxame,496658447065667.5,2.53498145323175,14.696057826262619,0.4039747862379648,0.023730269770779005,-1.6246973246020986,8.821461866823096,0.2873652339603302,bound
enxame,425883150674416.25,2.7911778298664673,14.629290458308366,0.4457875068825541,0.03694096236847019,-1.4324917947140778,8.38078639608248,0.33304485974862424,bound
enxame,464414278417493.75,2.5057380400828895,14.666905563656117,0.39893566614211273,0.024509676422273967,-1.610662422283153,8.62627184544298,0.2904775185593764,bound
enxame,490959438870399.5,2.8258967562378055,14.69104561391033,0.4511562909112373,0.0332551875724325,-1.4781405982299913,8.787590762488842,0.3215781017364364,bound
enxame,591805706641749.8,2.2667852775747273,14.772179148643257,0.3554103833020772,0.0142392837434304,-1.8465118557903994,9.352211831840298,0.24237959087467295,bound
enxame,1007506542795707.5,4.098717905795396,15.003247875151455,0.6126480290331933,0.04944613552822284,-1.3058676451052496,11.167018717261328,0.36703779312734885,bound
enxame,221027561181441.16,2.027517525782708,14.34444643170638,0.3069646169240444,0.027282462190840597,-1.5641164379876211,6.7349870177343805,0.30104252917546914,bound
enxame,211333862335677.1,3.6404706289747546,14.324969090271745,0.5611575315486796,0.16517322457083183,-0.7820603526790799,6.635051769665548,0.54867252816601,transition
enxame,223942419195743.94,1.8919134328415634,14.350136365476036,0.27690126076591637,0.021877795563820485,-1.659996440231661,6.764464275257584,0.2796841487893764,bound
enxame,620088009384202.8,2.3461712280510976,14.792453333493986,0.3703597045757941,0.01506821898646896,-1.8219380768199778,9.49887990403298,0.24699451427478028,bound
enxame,1254247260623436.2,1.616166095091929,15.098383161166861,0.20848599163356493,0.002435067232731227,-2.6134890433195404,12.012931649963308,0.13453552739533528,bound
enxame,364729910239117.3,2.8366372082901963,14.561971379763357,0.4528037952556032,0.04527684420816889,-1.3441238510499205,7.958753959580009,0.35641725107932454,bound
enxame,79333396817648.6,4.085264245842393,13.89945604986891,0.6112201531082454,0.6217854460216159,-0.20635944759754724,4.786374054287113,0.8535196371005016,transition
enxame,142798052320338.4,2.331433385870974,14.154722283964679,0.36762301122866337,0.0642070760203769,-1.1924171073320626,5.822310741034482,0.40043094392738227,bound
enxame,271286541323829.75,2.2309934138965914,14.433428248705276,0.3484982882073745,0.02961438777927479,-1.5284972411365263,7.2110310996686895,0.30938618667156964,bound
enxame,332297256739979.94,1.5909674189012573,14.521526756001531,0.2016612859091317,0.008767852692366683,-2.05710675532751,7.715490443670505,0.20620431462091,bound
enxame,370950225375777.44,2.2045155950441155,14.569315639278487,0.3433131754316307,0.020895849418870602,-1.6799399700369693,8.003743561015924,0.2754355606521074,bound
enxame,515639239677007.4,1.333991058043479,14.712345959353893,0.12515291844455556,0.0033308029369417116,-2.4774510610736002,8.932436526385088,0.14934234954853226,bound
enxame,398328310405276.6,1.7137186462241865,14.600241174136816,0.23393952212498764,0.009141417310895013,-2.0389864648152267,8.19599485425678,0.2090922062175438,bound
enxame,1085897105182542.0,2.6078689730018936,15.03578867537389,0.4162857673774617,0.011816932905995918,-1.927495230294879,11.449438205258929,0.22777265803347918,bound
enxame,304561120903451.6,3.8997979948070745,14.48367446218196,0.5910421116386234,0.1408925455325528,-0.8511119843194644,7.494559406062905,0.5203505347695608,transition
enxame,265496165451257.47,6.752642188863511,14.424058252967825,0.8294737377967205,0.8390717575865901,-0.0762008966310372,7.159357291829442,0.9431911152932553,transition
enxame,713247359152014.9,1.9326196297682827,14.853240172326547,0.28614638638865586,0.0073220911303715115,-2.1353648702139534,9.952557066865394,0.1941832251535103,bound
enxame,161657008427673.38,4.070502492986839,14.208594537623641,0.6096480250632704,0.30184617755470405,-0.5202143194872038,6.0681009646864705,0.6708033562189016,transition
enxame,667884470866337.1,2.624220941432492,14.8247013457024,0.41900039686426366,0.019576542331954192,-1.7082640121629822,9.736922969760231,0.26951234487347625,bound
enxame,540526535024644.1,2.268821748145579,14.732817018792405,0.3558003765205799,0.015632205431449338,-1.805979746284039,9.073892405656705,0.2500384230621012,bound
enxame,449591822349159.1,2.8132939501355523,14.652818403226187,0.4492151122761844,0.03583134219314439,-1.4457369234510071,8.533504465649122,0.32967627326618526,bound
enxame,1615282002889587.2,2.454181270477414,15.208248354287763,0.3899066373887935,0.006620757799652749,-2.179092299174756,13.069854027048157,0.1877741913106656,bound
enxame,316879115753579.8,2.49840773678477,14.500893617505689,0.39766331609795497,0.03560676134756896,-1.4484675262651976,7.594266349712631,0.3289860562869658,bound
enxame,2287154035835680.0,2.063795655801111,15.359295414567704,0.31466669394773294,0.002780614673416313,-2.555859189777879,14.676407347487235,0.14061994921083026,bound
enxame,424484597338302.0,1.433185661085261,14.627861936247008,0.15630245443218388,0.0050174328627964025,-2.2995184300038303,8.371602476075779,0.17119609599010394,bound
enxame,195593643881813.62,1.3583758993223787,14.291354737609526,0.13301996759646695,0.00927131438759194,-2.0328586918734985,6.466057042303724,0.21007793318792267,bound
enxame,527684412944528.56,3.0515408024474864,14.722374265918344,0.48451918132499633,0.03896004241400703,-1.4093805789967284,9.001454853907303,0.3390052888087185,bound
enxame,226778321164964.3,2.1663468180806453,14.355601535897993,0.33572798558628586,0.03243534814603465,-1.488981436192509,6.792898587674919,0.3189134638357887,bound
enxame,288030268129386.06,1.9258647141338774,14.459438128699679,0.2846257760550133,0.01794218549923403,-1.746124657588013,7.356433756688851,0.26179325170742973,bound
enxame,671507172794996.5,2.4063616645539536,14.827050656004957,0.3813609002757046,0.015013024307687363,-1.8235318122312167,9.754496060923485,0.2466925661279253,bound
enxame,754720711573942.5,3.215060579300651,14.87778626836804,0.5071891604665004,0.03185791549780637,-1.4967826440219119,10.14183891965778,0.31700962761979445,bound
enxame,316888395766635.7,2.563647034631463,14.500906335918637,0.40885823088422374,0.038468433342623454,-1.41489550031934,7.594340483348471,0.33757336009000066,bound
enxame,1037455903714091.6,1.8837844609068606,15.015969646414847,0.27503121013744525,0.004661869659100023,-2.331439873055885,11.276591144258704,0.16705265242022713,bound
enxame,1175986896365482.0,3.7688328174414276,15.070402482566761,0.576206872903832,0.032934743017817854,-1.4823457209086393,11.7576929155221,0.32054186518734,bound
enxame,1444164157497839.2,4.292098503763581,15.159616562100252,0.6326696804770611,0.03961216891212584,-1.402171377722443,12.590997558501591,0.34088629465784503,bound
enxame,740307740472248.8,2.87825365513829,14.86941229028023,0.45912906485165655,0.023302957720918224,-1.6325889527786348,10.076863656503118,0.28562990958806955,bound
enxame,1368665083218665.5,3.433888282645552,15.136297187867424,0.5357861618150545,0.02140412312406188,-1.6695025594756343,12.367645118987044,0.27765093917303474,bound
enxame,125355820268755.84,3.7906492378978065,14.098144503048301,0.5787135994902097,0.3143637337859669,-0.502567561631046,5.574887656505895,0.6799507849228348,transition
enxame,396524388854900.1,3.6376079523042844,14.598269904438892,0.5608158906247223,0.08782414093775824,-1.056386089618099,8.183603646073642,0.44449952730171,bound
enxame,264580795552825.53,3.007847880215848,14.422558317976502,0.4782558683380198,0.07441242022779658,-1.128354570015817,7.151119876906459,0.420612146347773,bound
enxame,547207795327517.7,2.9904429908485697,14.738152275560765,0.47573552753198123,0.03535822458369454,-1.451509550018195,9.111125822939412,0.32821882267495667,bound
enxame,328954816660559.1,2.9049970234530194,14.517136249857044,0.4631456917354404,0.05391839652827907,-1.2682630317040968,7.689534249434996,0.37778582281059087,bound
enxame,443434511836923.56,1.6011277038952907,14.646829490576085,0.20442597207247304,0.00669706584011477,-2.17411543141204,8.494368859644847,0.18849283923870414,bound
enxame,2005838494340774.0,3.1053868176698907,15.302295961665296,0.4921157050975337,0.010801580250203918,-1.9665127034260683,14.048175999932237,0.22105267030288273,bound
enxame,442272223891752.9,1.4556929028145595,14.645689665145479,0.16306976461975137,0.005046099057184238,-2.297044228339599,8.486940824753276,0.17152150967859234,bound
enxame,679850688180329.6,1.7900455701163962,14.832413541500868,0.2528640871799912,0.0061040047511317355,-2.2143851370142684,9.794729940977431,0.18275599030326758,bound
enxame,422351279715923.5,3.87766610840852,14.625673814424244,0.588570410849294,0.09987885639498335,-1.0005264389297364,8.357554625039672,0.46397137468785776,bound
enxame,529941892267817.4,3.2691528457599666,14.724228252146187,0.5144352260310716,0.04769947168862362,-1.3214864311063457,9.014272925109584,0.3626640631940068,bound
enxame,503414056312646.7,4.149384939900016,14.701925337739542,0.6179837263497381,0.10267435522665558,-0.9885380157437017,8.861278747021334,0.4682602881999178,transition
enxame,697370707309626.4,2.1703616085916435,14.84346370111141,0.33653209861003325,0.010606417974510403,-1.9744312623346845,9.878155369512596,0.21971324882073937,bound
enxame,1182764855203981.5,1.5690622916848154,15.072898411375096,0.1956401853957172,0.002362970434431635,-2.6265417122413184,11.780238671154496,0.133194439899327,bound
enxame,1687198106108150.0,2.1954828474905987,15.227166079233065,0.34153004846874513,0.004537955252557089,-2.3431397908802034,13.261011309147168,0.1655592319702043,bound
enxame,629619871252235.0,2.4907205705730417,14.799078426210933,0.39632500755849187,0.01775549316196146,-1.750667260588831,9.547304214056137,0.26088207882870723,bound
enxame,773846822249752.8,2.4696658395576714,14.888655003531392,0.3926381946144016,0.014083017639602027,-1.851304276741561,10.22679664265145,0.2414896791100535,bound
enxame,214646275486311.2,3.642410393952418,14.331723357060618,0.5613888766010723,0.1628843712210397,-0.7881205843107747,6.6695377962119755,0.5461263591640725,transition
enxame,469763686889918.6,2.0998909023402756,14.671879442427,0.3221967319994487,0.014260898751437791,-1.8458531034820285,8.659266380560721,0.2425021716683001,bound
enxame,1002057467369936.5,2.731023992391333,15.000892628762747,0.4363255154884679,0.014706863468263451,-1.8324799393507174,11.146850127018297,0.2450041008241189,bound
enxame,948658635292964.2,1.6665550198746277,14.977109964293488,0.22181965609046303,0.0035300848711397287,-2.452214853075473,10.945222816661804,0.15226323372217215,bound
enxame,585753799714727.1,2.8317229752822395,14.767715114494415,0.4520507644870101,0.028046154485554937,-1.5521266780867582,9.320223434335901,0.3038256534548423,bound
enxame,963043860822796.9,2.4015817134505038,14.983646067061745,0.3804973680297019,0.010405960666523151,-1.9827178200260127,11.000269064230825,0.21832027011590469,bound
enxame,719524103223394.1,1.8198260014069152,14.85704534687802,0.2600298658744772,0.006060108414334452,-2.217519606307963,9.981666787941325,0.18231684547969632,bound
enxame,1213662693991561.0,2.1992130405367765,15.084098002642982,0.34226730205202355,0.0063407414747980555,-2.197859953540285,11.88193812774582,0.1850887470455125,bound
enxame,620290214925748.8,2.241464580495073,14.792594930226274,0.35053188055756457,0.013135204976467156,-1.8815631456069541,9.499912293729398,0.23594581836030162,bound
enxame,385635084970818.6,2.1715767303695905,14.586176539017268,0.3367751793060646,0.019212555799753745,-1.716414858152448,8.107994872198832,0.26783153721712627,bound
enxame,641902699677003.1,4.606961668224723,14.807469202218567,0.6634145987628294,0.11020739500839466,-0.9577892629834523,9.60898878325365,0.4794429228862918,transition
enxame,57837538250643.836,2.3133888584100477,13.762209799727112,0.3642486396307393,0.15487177009381348,-0.8100277378882675,4.307823346273174,0.5370203632912267,transition
enxame,664543532412276.8,2.1926869020773356,14.822523435643214,0.34097662237162596,0.011477375075377667,-1.9401574255817102,9.720660250138655,0.2255697499607662,bound
enxame,34080652096567.434,1.1076635046248036,13.532507895931268,0.04440784678237736,0.02885039657873124,-1.5398482126375095,3.6115246574867212,0.3067024621661125,bound
enxame,140764035726238.5,1.7255471219564855,14.148491709630266,0.23692682368328363,0.026407355034230695,-1.5782750956337885,5.794534090116967,0.29778876008332433,bound
enxame,699142901090735.5,2.1772497636909875,14.844565952301114,0.33790825208698355,0.010680582694734682,-1.971405053093537,9.886515914429014,0.2202241702269826,bound
enxame,712540227209491.6,1.8632175738691925,14.852809387925374,0.27026357181173716,0.006567762965655329,-2.1825825295435366,9.949266904851273,0.1872718454221673,bound
enxame,212825072669580.22,3.990921770993762,14.328022790355222,0.6010732149404475,0.21608916803029785,-0.6653670025872533,6.65062125225326,0.6000825516325441,transition
enxame,296570088377280.5,2.2574074601200307,14.47212734659874,0.35360995593660505,0.028063295167124146,-1.5518613358422981,7.428430558310896,0.3038875361895189,bound
enxame,1375856425332479.0,3.856124790087476,15.138573116356522,0.5861510798909204,0.030152009846307583,-1.5206837337371344,12.389268292722797,0.3112471777169024,bound
enxame,350841014292045.0,2.4539897333058547,14.545110357896743,0.3898727414480589,0.03047502070780744,-1.5160559906059399,7.856420827930329,0.3123546697729946,bound
enxame,2616582906758375.0,2.4319601472009404,15.417734499968955,0.38595645382745225,0.003977141149557823,-2.4004289955399716,15.34968446457635,0.15843714265354197,bound
enxame,500478755342601.3,2.3216276548312167,14.699385646983568,0.3657925683659998,0.01808956823061426,-1.7425717989389429,8.844022416224457,0.26250811515042805,bound
enxame,676973356528645.4,2.402190251849748,14.830571576602004,0.38060740025943346,0.014814492113721748,-1.8293132328770778,9.780892324420378,0.24560031663492457,bound
enxame,1649680373329927.2,4.5186343608942146,15.217399807519554,0.6550072004879774,0.04046298675914046,-1.392942063108995,13.161979847938229,0.3433096246232318,bound
enxame,551986780782147.7,1.0206157915958909,14.741928677181894,0.008862283719805075,0.0013934593914862077,-2.855905683075853,9.137572688398203,0.11169441014589648,bound
enxame,239469344926398.44,1.1474999648070323,14.379249926178943,0.059752680889811394,0.004565036553897552,-2.3405557405628827,6.917320969011606,0.16588791671625944,bound
enxame,462260958485574.4,1.9637792510277978,14.664887215457826,0.29309266703102177,0.01185296299630533,-1.9261730714181347,8.61291889252839,0.2280039177811548,bound
enxame,488207632104156.44,2.411706540102763,14.68860456441917,0.382324461110011,0.02078762921815398,-1.6821950381425115,8.77114196839249,0.2749592412018344,bound
enxame,183350741769488.22,3.0932620111041755,14.263282671295498,0.490416707962242,0.11678944524850002,-0.9325964044621454,6.328228847030726,0.48880375313158403,transition
enxame,415081843763516.9,2.855577502157988,14.618133737170936,0.455693951684396,0.04058674854408086,-1.3916157391711221,8.309327277157543,0.34365928876192064,bound
enxame,290067137995495.2,2.082191426584952,14.46249852992082,0.3185206539391088,0.022516432124752017,-1.6475004251568677,7.3737339237058945,0.28237951736919786,bound
enxame,990363172351140.6,3.4917809471014754,14.995794482299978,0.543046990918682,0.031101592969367865,-1.5072173665973057,11.10331803987214,0.3144808546924848,bound
enxame,514133378200931.75,3.5061562355599776,14.71107579973928,0.544831264504437,0.06065325837568907,-1.2171458632793433,8.923732684425287,0.39290242766676775,bound
enxame,406916556139363.75,2.567138222332697,14.609505360272777,0.4094492530034505,0.03008004915958496,-1.5217214583157999,8.254480370711264,0.3109993733150636,bound
enxame,463470164671315.56,3.419992956290813,14.666021782200774,0.5340252115978946,0.06244389654629222,-1.2045100044604642,8.620422393598238,0.3967314825350778,bound
enxame,590743628049590.0,2.652303645113262,14.771399045889973,0.4236232421491406,0.0228510848804168,-1.6410931764959251,9.346613861807356,0.2837716080206598,bound
enxame,789551647164202.0,1.9505752786260873,14.897380543900729,0.2901627157147386,0.006800545429886213,-2.167456253809887,10.295516374262577,0.18945871267829423,bound
enxame,239934161608947.03,3.1020635754058468,14.380092086825798,0.49165069424000074,0.09001111444966765,-1.0457038611591691,6.921793647419585,0.4481589214324936,bound
enxame,232644054216347.6,2.498607847276431,14.366691957561192,0.39769809961258845,0.04851080530716963,-1.314161515776801,6.8509679876168414,0.36470873193287096,bound
enxame,1131090484777753.0,2.4000173179105815,15.05349734892881,0.3802143754807179,0.008842639511445212,-2.0534180795400294,11.60612032273339,0.20678893990178338,bound
enxame,369872634690159.2,4.127362096770748,14.568052200894485,0.615672571550332,0.13753133438191853,-0.8615983432968629,7.995985894430269,0.5161792618525912,transition
enxame,176445477092148.94,0.9724347263816742,14.246610530368999,-0.012139540566413864,0.00377056985305659,-2.4235930091216145,6.247766581670622,0.15564517554713925,bound
enxame,695056432611180.0,1.4228873972639462,14.842020067002593,0.15317053277446885,0.0029986630915851287,-2.523072325732561,9.86721613739014,0.14420352989655877,bound
filamento,88534240396800.72,7.489723620147255,13.947111265494096,0.8744657920039312,3.4333830079993146,0.5357222534643238,4.964685102711351,1.5085999343758805,boundary
filamento,251308190919026.8,13.935264221067893,14.400206643837157,1.1441152076143692,7.790675618679691,0.8915751219525772,7.02948486657143,1.982401909325782,boundary
filamento,288380245112794.25,14.01451350683322,14.459965506628683,1.146578026465557,6.905652425671465,0.8392047157146145,7.3594120784334605,1.9042979734620837,boundary
filamento,59016152641252.51,8.592560798664064,13.770970893724824,0.9341226137718343,7.77737590963472,0.8908330905373048,4.336888435467191,1.9812731931017336,boundary
filamento,114330757843192.58,6.6507811267749215,14.058163082229045,0.8228726556979336,1.8616199645856517,0.2698910278113815,5.406410025317483,1.230165876363468,boundary
filamento,133824945999894.97,36.154784132648615,14.126537076812037,1.5581657728598173,255.50322410497586,2.4073963847140414,5.697709611496894,6.345494347359357,expansion_dominated
filamento,8945059848599410.0,13.240535909373417,15.95158325064174,1.1219055634853652,0.18774552005792927,-0.7264304172390179,23.123258585970046,0.5726068348086141,transition
filamento,3899043417437201.5,7.742785286270802,15.59095807126093,0.8888972160915434,0.08613302896914264,-1.0648302800396738,17.532370622491705,0.4416279722228685,bound
filamento,236340320573764.53,17.844511623951036,14.373537820273443,1.2515046665015117,17.394514922985792,1.2404123221777186,6.887060410265795,2.59102005223479,expansion_dominated
filamento,251205526916298.06,10.616663848186121,14.40002919033126,1.0259880666565064,3.4464434158392745,0.5373711525848853,7.028527511718689,1.510510392181708,boundary
filamento,92883335231206.0,9.871112051480324,13.967937801546437,0.9943660818100771,7.49197961157881,0.8745965868304201,5.044683059896713,1.9567358215131216,boundary
filamento,35524524432202.46,14.917636891126598,13.550528272726103,1.1737000318211885,67.60953759934485,1.8300079656840889,3.661823239712669,4.073827684893151,expansion_dominated
filamento,343333276010095.25,5.831575476971207,14.535715897475312,0.7657859009890282,0.4179053667880872,-0.37892205156160075,7.799975732607207,0.7476402077243328,transition
filamento,112507483101123.98,13.414607955753196,14.051181409215786,1.127577984861778,15.52346576834752,1.1909886883161738,5.3775165470812,2.4945730688703054,expansion_dominated
filamento,357546233643362.06,29.569913745244108,14.553332207585894,1.4708500577009855,52.31835838176955,1.7186541084636884,7.9061555544262925,3.7401128199013582,expansion_dominated
filamento,52467066512363.06,14.208855109200298,13.719886783026087,1.1525590856834085,39.55729781260842,1.5972266169707643,4.170135947921821,3.407288224327855,expansion_dominated
filamento,151675015476171.47,9.27327923084197,14.180914047929358,0.9672333371676378,3.803838821908528,0.5802221065201819,5.940540599455629,1.5610160515848914,boundary
filamento,480556994094696.2,8.678343544722958,14.681744902416556,0.9384368383057868,0.9840150832080753,-0.006998244552569004,8.725083391378991,0.9946430487183406,transition
filamento,633016862118525.0,9.114339589879473,14.801415278781166,0.959725205864076,0.8653593326067404,-0.06280351824231169,9.564443630957687,0.9529398615909721,transition
filamento,675475462437067.4,9.865706944385353,14.829609577308108,0.9941282108294882,1.028516345734721,0.012211198126982235,9.773673153208545,1.0094164997881676,boundary
filamento,74770633234456.81,9.265792339860516,13.873731058713629,0.9668825627931802,7.697554502611514,0.8863527726125376,4.692795601621513,1.97447174913369,boundary
filamento,1175106291757598.5,17.84795724981336,15.070077151574559,1.2515885170364047,3.500455350757875,0.5441245424812816,11.754757377132895,1.518360326563087,boundary
filamento,144505230434410.62,4.663306892003033,14.159883566868983,0.6686939972940238,0.507732037550998,-0.294365432040285,5.84542116840295,0.7977708975377582,transition
filamento,887302802124597.4,17.36360953628483,14.948071853034019,1.2396400110906696,4.268588826038114,0.6302843231846158,10.70397871182991,1.6221640572859861,boundary
filamento,392779423043058.06,9.256972306261472,14.594148727859993,0.9664689644686366,1.4611483382832013,0.16469430849254282,8.157758823059872,1.1347445428387033,boundary
filamento,69660546219334.55,13.580898794782179,13.842986875507128,1.132928512852982,26.01565747593543,1.4152348059984443,4.583355855365878,2.9630906312636838,expansion_dominated
filamento,266741913609253.88,6.339611722088143,14.426091262480346,0.80206265975581,0.6910872166979483,-0.16046714026628997,7.170537419432664,0.8841194670998224,transition
filamento,632339131107718.5,21.993727237614817,14.800950058135072,1.342298834706876,12.172578639421994,1.0853825889321822,9.561029064328988,2.3003514673614665,expansion_dominated
filamento,865228784719713.0,21.088208714378517,14.93713095926103,1.324039691237812,7.841953403202973,0.8944242573990329,10.614468977969027,1.9867417539349703,boundary
filamento,333009525528851.3,18.243573708156127,14.52245665640557,1.2611099156650163,13.191957197656127,1.1203092335361051,7.720999147210111,2.3628514082595413,expansion_dominated
filamento,2769991203038689.0,5.20899510509599,15.442478389830578,0.7167539493254214,0.036916421934567976,-1.4327803989076877,15.643985892054566,0.332971094517644,bound
filamento,1426037427398100.0,17.076805644591232,15.154130924042606,1.2324066356345318,2.526533876777964,0.402525125807615,12.538096084752521,1.3619935219158354,boundary
filamento,287634010013310.94,13.774255017448118,14.458840235980135,1.139068119279856,6.573554452696864,0.8178002648060586,7.353058666498463,1.8732687500788616,boundary
filamento,1029359309622580.9,4.97554118696938,15.01256699667532,0.6968403256308351,0.0865745261436315,-1.0626098768361885,11.247179281569162,0.44238124621369174,bound
filamento,4608784661589634.0,11.082929625866115,15.663586416853502,1.0446545755704206,0.21370439447779793,-0.6701865471956133,18.53745421128857,0.5978668645404962,transition
filamento,4767234665277583.0,13.495767493896276,15.678266530430665,1.1301975875873178,0.37304598940590916,-0.4282376247220859,18.747504326381026,0.7198700829158025,transition
filamento,84062067172478.75,14.870876271958304,13.924600065547626,1.1723365602410931,28.3038659118603,1.4518457581222795,4.87964215161907,3.047534185887818,expansion_dominated
filamento,123142166156042.3,12.274321675301906,14.090406788863566,1.0889975007287482,10.864803003617823,1.0360218562693044,5.541876992746351,2.214831128761521,expansion_dominated
filamento,2610389613128125.0,13.00381887364088,15.416705332703618,1.1140709117064236,0.6094576677089196,-0.2150564546377208,15.337564305110506,0.8478411966173783,transition
filamento,104218644917670.31,23.669795528649875,14.017945422039299,1.374194506295681,92.06069300221331,1.9640742397943707,5.242073343824098,4.515349934303425,expansion_dominated
filamento,74576565142071.27,20.879854124722456,13.872602376689576,1.3197274601803497,88.31127333891015,1.9460161467980992,4.688732014448359,4.453198446910816,expansion_dominated
filamento,215076632548093.16,2.6257169648607226,14.332593228115524,0.4192479101677965,0.06089570255967763,-1.2154133546655081,6.6739922046723406,0.39342523700020293,bound
filamento,677836093075085.0,9.553522217626085,14.831124690211022,0.98016351793571,0.9306834831294847,-0.031197993457265476,9.785045491901512,0.9763390702202617,transition
filamento,349688871358294.56,10.322307059005958,14.543681811363896,1.0137767739403307,2.275540939775761,0.35708465340372186,7.8478113762205135,1.315310290240074,boundary
filamento,174658613708881.22,4.618897385858388,14.242190008776923,0.6645383140000665,0.4081887924070773,-0.3891389238300975,6.226604606488749,0.7418003354581134,transition
filamento,169505246925112.72,11.768477268475783,14.22918314605152,1.0707202728111087,6.956868836504597,0.8424138153284321,6.164752816542646,1.9089941833346453,boundary
filamento,161515651882435.2,21.121594952618835,14.20821461457301,1.3247267099303115,42.20866907312196,1.6254016581645516,6.066331753987433,3.4817737982654005,expansion_dominated
filamento,130698229432449.89,6.470756703025571,14.116269704237581,0.8109550708900701,1.4997941365071368,0.17603165137925564,5.6529852692768,1.1446618724080613,boundary
filamento,7159753698986007.0,13.304795587373153,15.854898082501833,1.124008206511772,0.23799217607297862,-0.623437320019891,21.46943653420616,0.6197086526316282,transition
filamento,580271297458542.8,7.05535441879463,14.763631089152055,0.8485188349947838,0.43788650266064877,-0.3586384412210774,9.291053953934306,0.7593707294969516,transition
filamento,1223819813015495.5,7.983243109073549,15.087717479922606,0.9021793547904712,0.300785382990364,-0.5217432726045662,11.914992655833188,0.67001662020876,transition
filamento,214292707758563.72,23.71518951181696,14.331007392534591,1.3750265995174078,45.03068453639576,1.6535085489642585,6.665873738083945,3.557701577262955,expansion_dominated
filamento,314574726398283.8,8.523879068299642,14.497723827547674,0.9306372795753985,1.4243743820985304,0.15362415412514807,7.575812688091478,1.1251438517874712,boundary
filamento,161266926947122.47,14.180343382470301,14.207545310246305,1.1516867475823376,12.792371862028105,1.1069510754473342,6.063216218677167,2.3387494146735337,expansion_dominated
filamento,13853528924350.64,4.348425305778351,13.141560415794439,0.6383320144665829,4.294096208976728,0.632871770551936,2.675313971566026,1.6253887775396134,boundary
filamento,69517620402049.79,28.82105429050285,13.842094897733674,1.4597098635068737,249.15570495942464,2.396470835733574,4.580219080209367,6.292505617260869,expansion_dominated
filamento,40193860974807.79,15.225919810449646,13.604159726010783,1.18258353818743,63.53704775565545,1.8030270314981327,3.815702685399592,3.9903318119386286,expansion_dominated
filamento,23047239883458.902,10.229397019678958,13.362618922126615,1.0098500346169426,33.6021700001075,1.5263673246708394,3.170012147164897,3.226926757623824,expansion_dominated
filamento,87609774830213.72,15.018281216202219,13.942552564136044,1.1766202321999768,27.973336872373867,1.4467442754105129,4.947344358910603,3.035624797201143,expansion_dominated
filamento,2131697734574203.0,5.493381057591613,15.328725623659897,0.7398397256314817,0.056263882337276354,-1.2497703038188261,14.336060559567027,0.3831862340959253,bound
filamento,376322432906919.75,20.424750645981334,14.575560107762605,1.3101567631855846,16.38122308547495,1.2143463247407746,8.042196030653148,2.5396981829504766,expansion_dominated
filamento,2040845223262520.2,9.521894151180662,15.309810069276645,0.9787233493907854,0.3060526342080163,-0.5142038781576631,14.129429997564104,0.6739050444938136,transition
filamento,669946954634386.8,10.118233714853018,14.82604041729548,1.0051047066893444,1.1186902312905436,0.04870984571917871,9.746935484374957,1.0380938430415672,boundary
filamento,1072524827104874.2,8.746529489015883,15.030407354143337,0.9418357647075934,0.4513735257045696,-0.3454639170739306,11.402245926258276,0.767088303969437,transition
filamento,127205723548377.97,8.360970505407604,14.104506652582483,0.9222566913959714,3.3242950625232663,0.5216995645520577,5.602177133734909,1.4924502217289652,boundary
filamento,772988485723821.4,15.952455233459261,14.888173024805969,1.20282753455825,3.7996686166283546,0.5797457218154073,10.223014119492401,1.5604453879255076,boundary
filamento,1001827222981221.2,12.773193961994187,15.00079282874089,1.1062995070229291,1.505018489166621,0.17754183527452364,11.145996318272498,1.1459894295007165,boundary
filamento,191797962496061.78,15.609341820852874,14.282843989271468,1.193384591108669,14.346498821820884,1.1567459270011649,6.423956854974148,2.4298640500311537,expansion_dominated
filamento,808625073900565.6,11.170308519248467,14.907747203838891,1.0480651683131743,1.247051657814677,0.09588444404725786,10.377761532844904,1.076369743503472,boundary
filamento,815461134787403.6,14.551372503130484,14.911403267216158,1.1629039584369798,2.733661592453457,0.43674475104140714,10.406923802596896,1.3982395546606579,boundary
filamento,198493394304005.53,9.075138805155778,14.297746058378454,0.9578532763364916,2.724268530019168,0.43524991357764703,6.497854341667822,1.396636232203758,boundary
filamento,96045575299586.61,34.71690532629931,13.982477362250952,1.5405410051101007,315.1967973232783,2.498581796025976,5.10129461941482,6.805508780883108,expansion_dominated
filamento,88864728313547.14,5.070552788004842,13.948729417455949,0.7050553083852904,1.0613842789603518,0.025872650646548343,4.970854960664479,1.0200564748175707,boundary
filamento,444199482300101.5,21.252313376459565,14.647578048056804,1.3274062111838565,15.634238342179728,1.1940767284413916,8.499250608917835,2.500492614508929,expansion_dominated
filamento,602359033568860.8,22.4357007734064,14.779855427834123,1.3509396391586135,13.564370153676759,1.1323996325883436,9.407475478498613,2.3848800695451855,expansion_dominated
filamento,145918646714235.28,7.286602235314671,14.164110793248147,0.8625250626875693,1.9182293769538372,0.28290053776118723,5.864417532118418,1.2425108197714758,boundary
filamento,411738935838615.2,34.70884758540701,14.614621937729353,1.5404401943223143,73.47418681887903,1.8661347881842156,8.286960426616929,4.188368931258014,expansion_dominated
filamento,819965103554540.2,18.578380881497498,14.913795369876167,1.2690078622479701,5.6580184567491605,0.7526643598143691,10.426048535016271,1.7819196619986293,boundary
filamento,870973402897391.5,18.350613216177408,14.940004893065915,1.2636505815010406,5.133138642182601,0.7103829943838333,10.637908488798505,1.7250207816226488,boundary
filamento,2841411056579079.5,11.380592712824937,15.453534066067368,1.056164881145693,0.3753156899366835,-0.4256032796836627,15.777298454821105,0.7213270855852602,transition
filamento,2006039395829123.2,10.051022500014408,15.302339457708923,1.0022102451918913,0.36620765711132036,-0.43627257918662343,14.04864499835103,0.7154442653504416,transition
filamento,112018489449442.53,10.090903617233923,14.049289711983901,1.0039300580512862,6.636461894942114,0.8219366051165838,5.369714428026952,1.8792253764120053,boundary
filamento,3357162901280980.0,13.674666112722338,15.525972415245912,1.1359167311902938,0.5510790756474713,-0.2587860787284041,16.679335997575986,0.8198567445796213,transition
filamento,203218350766804.12,22.8171280938228,14.307962922494356,1.3582609805074572,42.29179924383058,1.6262561619746416,6.549009089310061,3.4840580891950763,expansion_dominated
filamento,1495133756274046.0,12.299547326613377,15.174680046849934,1.0898891279295124,0.9003751080142098,-0.04557652011477071,12.73741507139103,0.9656235003473248,transition
filamento,433902991489483.8,7.0710254915578235,14.637392644328099,0.8494824029097962,0.5895093631266819,-0.22950929265208397,8.433066023028811,0.8384880981897259,transition
filamento,236220640013880.0,17.036248006555088,14.373317841848667,1.2313739537246957,15.143984702954356,1.180240162272046,6.885897699344787,2.4740779997611835,expansion_dominated
filamento,40342864087367.99,17.89176413174677,13.605766727123786,1.2526531642068544,102.71382643371798,2.011628908443403,3.8204119489953454,4.683202851056879,expansion_dominated
filamento,320360910556675.3,15.632379737237647,14.505639519381008,1.194025096258513,8.627240646741676,0.9358719123411574,7.621979776963724,2.0509605371145354,boundary
filamento,55250882672924.49,16.368533042685186,13.742339220581915,1.2140097594354962,57.428331767987764,1.7591262006711998,4.2426221910441955,3.858117057238264,expansion_dominated
filamento,1355234908220507.2,9.781282705356356,15.132014579713525,0.9903958113652822,0.49958454801954316,-0.30139100267105223,12.327059122262542,0.7934806354332689,transition
filamento,2717915569070853.5,7.008456518065422,15.434235961426586,0.8456223832312726,0.09163625481556127,-1.0379326687861417,15.545329774804646,0.4508400027270245,bound
filamento,145110539209850.25,7.227655519151788,14.16169895588682,0.8589974452590285,1.8824763243185219,0.27472952283689217,5.853571636386643,1.234742814835244,boundary
filamento,583557840374304.6,4.900022625305656,14.766083908385598,0.6901980853392713,0.14586345308493734,-0.8360535094211579,9.308561844622105,0.5263995348687056,transition
filamento,158867354235157.75,12.651111824916253,14.201034662895614,1.102128694540109,9.22120259182486,0.9647875636713391,6.032993257996712,2.0969875622100598,boundary
filamento,179611193377007.0,10.755764079345376,14.254333398424766,1.0316412676901494,5.012178711821472,0.7000265475923086,6.284910321210178,1.7113631745940843,boundary
filamento,1061627322341335.1,8.978477631376903,15.025972087125954,0.9532027050034642,0.4932557661311349,-0.3069278291689353,11.36349647050255,0.7901157583568845,transition
filamento,379143797786412.0,2.51052100076936,14.578803955986123,0.3997638586440847,0.030194216372759927,-1.5200762371072425,8.062243999014113,0.3113923370560799,bound
filamento,3604179590640923.0,5.964721306590139,15.556806423062056,0.7755901566672829,0.042599077058795336,-1.3705998101135815,17.07877668990185,0.3492475728731141,bound
filamento,216158409786382.0,19.796341784324984,14.334772136713394,1.2965849433086967,25.966824107766026,1.4144188361593226,6.6851629549605445,2.9612354878553324,expansion_dominated
filamento,1411350829573903.5,8.01276267778389,15.149634982860968,0.9037822799861113,0.263722995503983,-0.5788519999560083,12.494904658983518,0.6412824184314938,transition
filamento,450378216864514.44,13.468839232089735,14.65357737712678,1.1293301690845052,3.9250868707479065,0.593849273073362,8.53847697029547,1.5774287708389347,boundary
filamento,1090631169472554.6,5.546885554076258,15.037677905359327,0.7440492054054437,0.11321549085114539,-0.9460941461963702,11.466052363828164,0.4837659360055742,transition
filamento,225976505519998.16,23.25493907856808,14.354063288468529,1.3665152061190309,40.26414420766739,1.6049184728351897,6.784883294472495,3.427463387249918,expansion_dominated
filamento,373888957956303.6,10.430711049502964,14.572742639346629,1.0183139147879712,2.1960147254497784,0.3416352479639107,8.024823677402933,1.2998056367113409,boundary
filamento,343934400522252.8,12.995975598277017,14.536475616385585,1.1138088872263778,4.6172903819255815,0.6643871882401742,7.80452527009664,1.6651846394900702,boundary
filamento,138092021382113.88,36.44781971482992,14.140168586834816,1.5616715542139707,253.67765753549872,2.404282218753722,5.757635241936893,6.330345390648386,expansion_dominated
filamento,920756607316827.0,24.18893915701494,14.964144844019964,1.3836168221296687,11.120946854398548,1.0461417653156682,10.83684596526918,2.232101409814041,expansion_dominated
filamento,907061957932677.6,9.606287126565833,14.9576369530681,0.9825555633168473,0.7070756473858132,-0.1505341201709316,10.782850982801905,0.8908856425714654,transition
filamento,844218922311378.8,8.307905718275656,14.92645508219806,0.919491559328521,0.49142329407936575,-0.3085442612658715,10.527848979386278,0.7891361031624493,transition
filamento,2788246140074591.5,9.514371335779012,15.445331109654704,0.9783800974657031,0.22348342868474452,-0.6507546743109689,15.678276604611185,0.6068505854132407,transition
filamento,2495396954296087.0,14.527056133132113,15.397139640679967,1.162177614664838,0.8888517795822853,-0.05117065373882705,15.108957488574436,0.961486333131696,transition
filamento,247616978891701.9,10.637772309607884,14.393780420582976,1.0268506904648085,3.5172868937167183,0.5462077937580755,6.994898642829644,1.5207900575532272,boundary
filamento,638526278228713.1,9.184304796884174,14.805178775138797,0.9630462880992363,0.8778013250988425,-0.056603767894462156,9.592111330216735,0.9574852168314704,transition
filamento,180725577383218.3,23.59282113345884,14.257019620907982,1.3727798751559894,52.5721995272491,1.720756147506612,6.297881614512533,3.7461518932163935,expansion_dominated
filamento,410058127190449.7,10.589460233924731,14.612845423863005,1.024873823808876,2.0951358613480178,0.32121219051024874,8.275668650764944,1.2795896840246155,boundary
filamento,186267807642893.84,35.96744601841132,14.270137802984625,1.5559096004682103,180.72870694404884,2.257027141366632,6.361612621298197,5.653825242045553,expansion_dominated
filamento,3097695108877764.5,11.747984477594652,15.491038670024828,1.0699633640254782,0.37869325075857907,-0.42171243500176736,16.23806126722083,0.7234844286066263,transition
filamento,631006717582487.2,27.718520564753025,14.80003398268863,1.4427700467294402,24.418124315418904,1.3877123004463168,9.554308934785674,2.901153893384631,expansion_dominated
filamento,302053574506015.3,13.44653148186581,14.480083979542567,1.1286102729963379,5.823485284677273,0.765182982393073,7.473934352018229,1.7991235738155456,boundary
filamento,1805054065379174.5,18.27474501894667,15.256490214521007,1.2618513261148785,2.446244750917278,0.38849990677025503,13.562862446379782,1.3474106289284524,boundary
filamento,25477776564702.754,7.772944533609775,13.406161524612523,0.8905855686661006,13.336176184535448,1.1250313243324048,3.277744725653573,2.371430719657362,expansion_dominated
filamento,31063012598973.63,7.280697227841774,13.49224357282409,0.8621729710307695,8.989002127485122,0.9537114832148442,3.501621041273464,2.079236200041208,boundary
filamento,1090714936164901.1,14.162349576762306,15.037711260370875,1.1511353101032973,1.8842165447455557,0.275130812885643,11.466345909045765,1.235123176040736,boundary
filamento,429791326101799.6,18.513209397610908,14.633257646464552,1.2674817133423695,10.681288280019478,1.028623636509183,8.40634419037432,2.202290196350686,expansion_dominated
filamento,546695457242738.9,11.451343190708762,14.737745465143417,1.0588564304401018,1.9872841517204314,0.29825996912351416,9.108281422456194,1.2572452101091014,boundary
filamento,74213368290516.77,5.847812863697939,13.870482143174797,0.7669934662815867,1.9495500925786362,0.289934398616589,4.681108061347246,1.2492368873054618,boundary
filamento,386564046738333.7,5.633044205854986,14.587221459032298,0.7507431594163481,0.33453700320723456,-0.47555583783662764,8.114500138989245,0.6941948498822317,transition
filamento,5034196643076949.0,5.445402564184304,15.701930175720738,0.7360299915190269,0.023205767771230828,-1.6344040582170314,19.09111722130596,0.2852322627880131,bound
filamento,1130602108061798.8,4.582718017192029,15.053309790887724,0.6611231351533362,0.06158795127599473,-1.210504242481089,11.604449670977347,0.3949104134298912,bound
filamento,493558459266188.8,11.860057076603661,14.693338599828547,1.0740867790783593,2.4454448914023517,0.3883578803531573,8.803069939464915,1.3472637566394892,boundary
filamento,228307589871344.8,19.838537958295767,14.358520349442284,1.2975096627757656,24.74256853105898,1.3934447818316398,6.808133588341695,2.9139466346940437,expansion_dominated
filamento,241537702769696.2,11.144190487689349,14.382984931471833,1.0470485268765422,4.145689695813961,0.6175967921044192,6.9371794594863205,1.6064440242280464,boundary
filamento,26849806546209.387,3.5703332412144104,13.42894116093999,0.5527087533856725,1.226369220877456,0.08862124216365343,3.335556791049535,1.0703859849710438,boundary
filamento,551699044134957.6,10.186680823166165,14.741702231506638,1.0080326987263992,1.3862195122214458,0.14183200761918605,9.135984684482025,1.1150063375728734,boundary
filamento,1161490627495659.0,10.331995794815025,15.065015709665019,1.0141842207408265,0.687025877517494,-0.1630269044959134,11.709181077698565,0.8823841502027377,transition
filamento,54126428335641.98,32.44290426848578,13.733409370056162,1.5111197250495967,456.44236614843703,2.6593859480392545,4.213643048957614,7.699490415191107,expansion_dominated
filamento,172274385406102.3,5.363269977874031,14.236220709231251,0.7294296591576976,0.6478946759902208,-0.18849558881153206,6.198142005014225,0.865302855845382,transition
filamento,91916706007222.75,9.20557514358881,13.963394452271617,0.964050927428177,6.140369035269121,0.7881944729595405,5.02712213278601,1.8311819168966794,boundary
filamento,117234879897840.47,26.6248757491001,14.06905684285518,1.425287589719804,116.47750767216851,2.066242069250859,5.4518039919067105,4.883681766370389,expansion_dominated
filamento,426005194540712.2,14.092733363588376,14.629414894752045,1.1489952350962407,4.7534283658985395,0.6770069534833026,8.381586870646114,1.681392030063396,boundary
filamento,28417038440210.65,14.925499566527206,13.453578814756339,1.1739288761736135,84.65331248228554,1.9276439567111276,3.3992326582647343,4.3908437777090805,expansion_dominated
filamento,866659977220426.4,11.890731597426763,14.937848741096385,1.0752085761452532,1.4035023052081677,0.147213130286001,10.620318290216957,1.1196210200573804,boundary
filamento,1034237518655302.8,13.26134515052126,15.014620288463526,1.1225875785045982,1.6314681132401043,0.21257858999689502,11.264918357079695,1.177225145372391,boundary
filamento,289663368359135.44,16.636964758476214,14.461893576579698,1.2210740966612779,11.501774702338029,1.0607648563507623,7.370310954797956,2.257294822499424,expansion_dominated
filamento,17203242826101.232,7.445828173640578,13.235610319508503,0.8719130098435914,17.36060488524946,1.2395648529688978,2.8755751740286386,2.5893352540003614,expansion_dominated
filamento,112711896079071.23,17.505434200147526,14.051969755698686,1.243172887359804,34.43380766535315,1.5369850493273525,5.38077135018542,3.2533317364515577,expansion_dominated
filamento,1897125509431108.8,5.5967941813009485,15.278096063756482,0.7479393362851814,0.06685872465094847,-1.174841911954312,13.78965201952016,0.4058691382043809,bound
filamento,11806009968877.727,13.250765064478172,13.072103145599284,1.1222409540229383,142.57909685532076,2.1540558594161574,2.536426805275552,5.224185865295898,expansion_dominated
filamento,256367001168689.06,12.283524939375555,14.408862123293565,1.089323011922992,5.23049818129008,0.7185430554220373,7.076339489022615,1.7358586255550263,boundary
filamento,89330460305251.8,8.211368089349603,13.950999571843006,0.9144155205977362,4.484180986654118,0.6516831328968287,4.979523767641176,1.6490267890094574,boundary
filamento,1102842936277363.4,11.091984127306674,15.04251366587166,1.0450092394283577,0.8952620915236297,-0.0480498046399603,11.50868864806009,0.9637921805432058,transition
filamento,169311838782881.62,8.185423734099896,14.228687326321095,0.9130411664135784,2.34353970495439,0.36987231586626584,6.162407231019225,1.328283481964251,boundary
filamento,664010139907571.1,6.519671412296225,14.822174711404585,0.8142257080904163,0.30195244864415,-0.5200614441867105,9.718058807743624,0.6708820703061775,transition
filamento,814710344302793.5,9.380041435594869,14.911003230543,0.9722047568449983,0.7329041535226192,-0.13495281706137954,10.403728956481537,0.9016037879140527,transition
filamento,4073091926200108.5,6.413904662702286,15.60992421185151,0.8071225002182345,0.04686832488689571,-1.32912056825018,17.789456902593553,0.36054527677948356,bound
filamento,307880321205467.06,13.213426160009657,14.488381930978546,1.1210154421005147,5.421263770052679,0.7341005382696243,7.521687095488951,1.7567104284269235,boundary
filamento,640950371055630.6,6.265867274510504,14.806824403292437,0.7969811912864802,0.27768684968627944,-0.5564446864863698,9.604234457185244,0.6524067381365104,transition
filamento,60704304331315.04,16.092923435159022,13.78321948647991,1.2066349450580314,49.673126002313715,1.6961214916408105,4.377852393355816,3.675985846298278,expansion_dominated
filamento,1797742393264595.5,6.167009324171643,15.254727459811559,0.7900746050556596,0.09439141538138686,-1.0250675016979536,13.54452478640961,0.4553138202648154,bound
filamento,151956797978589.06,8.421997701770252,14.181720133560749,0.9254151185721786,2.8442080750467658,0.45396136510241347,5.944217111022694,1.416838844286638,boundary
filamento,195697469399692.0,8.176872956329719,14.291585209751739,0.9125872501926606,2.0212157966486517,0.3056126837728689,6.467200949564665,1.2643604273468785,boundary
filamento,387047006454366.25,21.954941303302817,14.587763712832933,1.3415322803524645,19.781957804784838,1.2962692711710868,8.117878057663555,2.7045172577551346,expansion_dominated
filamento,55006449069916.39,13.263672441369833,13.740413610063083,1.1226637880356503,30.691201956066866,1.487013896990494,4.236356393657115,3.1309151565314166,expansion_dominated
filamento,531892070558170.4,10.079025951828037,14.725823515910916,1.0034185634402333,1.3927344472200391,0.14386831735641023,9.02531685248554,1.1167503719331813,boundary
filamento,1355521624128088.5,14.445024308876995,15.132106450108756,1.1597182770353391,1.6087350496966586,0.20648452394388772,12.327928372482917,1.1717316869815397,boundary
filamento,576917353927553.2,3.858492705825505,14.76111360292351,0.5864176835874686,0.07204031295285633,-1.1424244092144784,9.273118721635402,0.4160943930139852,bound
filamento,53223856523195.67,10.977681095959136,13.726106339701701,1.0405106102790005,17.982978874018,1.2548616340819265,4.190090458582464,2.6199150601805767,expansion_dominated
filamento,340333647380924.9,30.864064586969835,14.531904888118687,1.489453119117048,62.50152473792029,1.795890612179083,7.777193688563877,3.9685349012657984,expansion_dominated
filamento,1018863247532241.8,11.998203713592885,15.008115896638719,1.079116231408588,1.2265039198610161,0.08866894053367136,11.208820591477158,1.07042517236077,boundary
filamento,36906781928411.6,11.612905639979981,13.56710617871875,1.0649408972172538,30.701009489140226,1.4871526558796369,3.7087140132496317,3.1312486210832353,expansion_dominated
filamento,102065435362110.8,14.811131694389372,14.008878692400257,1.170588243521283,23.031497741346993,1.3623221811102182,5.205720537103644,2.845164581698806,expansion_dominated
filamento,1208089145419535.0,17.661726430790555,15.082098982244835,1.2470331535291561,3.2994125446170317,0.5184366212892596,11.863721590806486,1.4887172035861915,boundary
filamento,560470151664315.06,4.079034021172962,14.748552488808507,0.6105573275642309,0.08761039468393121,-1.0574443631691879,9.184146060972939,0.44413862694392325,bound
filamento,670786587416782.8,4.7850686626787375,14.826584370169714,0.6798881740059741,0.11817246502011197,-0.9274837052051654,9.751005672316435,0.49072565676623214,transition
filamento,4194905136922055.5,12.481422488458229,15.62272214419282,1.0962640840389524,0.3353561312508167,-0.4744937491293375,17.965059796279867,0.6947609765842712,transition
filamento,720616211634881.8,7.811369045421528,14.85770402817841,0.8927271563825478,0.4785348637961908,-0.320086416084141,9.986714361085756,0.7821760754327087,transition
filamento,915879642060102.1,21.809492393913292,14.961838405738249,1.3386455576883811,8.194725495347813,0.913534410273521,10.817678935277232,2.0160972168244853,boundary
filamento,1.2328494335772044e+16,9.564485965327654,16.09091003997008,0.9806616342252508,0.05134651892909918,-1.289488994347701,25.733052083190675,0.3716809780047568,bound
filamento,303673918204636.4,4.211174503184607,14.48240749305023,0.6244032381431142,0.1779255693955023,-0.7497616356742617,7.487274978484737,0.5624442157241109,transition
superenxame,1695874607212688.2,21.804563993052803,15.229393737420201,1.3385474068863352,4.4226709239865105,0.6456846261854305,13.283704259445487,1.641452080472846,boundary
superenxame,365296735533815.5,53.70740997214081,14.562645791166242,1.730034209126026,306.8265799068222,2.486892979158462,7.962874714865584,6.744726232082556,expansion_dominated
superenxame,4950436660729090.0,36.98156903352896,15.69464350822269,1.5679853332197966,7.391773222467122,0.8687486343833262,18.984643887610147,1.947972753793083,boundary
superenxame,5190714503433105.0,23.182560618571067,15.715227142731027,1.3651614040649045,1.736573671856064,0.2396932124103122,19.286954973401443,1.2019813729301507,boundary
superenxame,4064356369435082.5,25.00240510455074,15.608991780598148,1.3979817876078071,2.7822088335468904,0.44438972517190006,17.776730122220904,1.4064681711794536,boundary
superenxame,1.9297256411886816e+16,12.741514126694812,16.285495567563384,1.1052210400712017,0.07755390951232158,-1.1103963044031524,29.87811135519445,0.4264497837638469,bound
superenxame,2.1844088452100508e+16,34.313445131208894,16.339333926432513,1.535464324187339,1.3381203919608657,0.1264951890761302,31.13861279760616,1.1019580529883721,boundary
superenxame,5288411116778959.0,11.556878415887503,15.72332520948975,1.0628405443069975,0.21117016845924952,-0.6753674336221323,19.407206287252954,0.5954941811216947,transition
superenxame,690856502515463.6,41.24727122968851,14.839387849635415,1.6153952224838002,73.49096680776162,1.8662339607626117,9.847301509471608,4.188687752681778,expansion_dominated
superenxame,1.1961253955866862e+16,30.081310352185017,16.077776711221517,1.4782967503480784,1.64645430795885,0.21654968276934403,25.47496070361509,1.1808187145865254,boundary
superenxame,1.1217913911621594e+16,94.43421964907219,16.04991210282886,1.9751293959062628,54.31405501324626,1.7349122278365554,24.935915636498173,3.787076481396609,expansion_dominated
superenxame,8694131538017991.0,16.142477070267322,15.939226206570625,1.2079701781806527,0.35004225337191974,-0.45587952908204094,22.90498550136653,0.7047582313162455,transition
superenxame,1.744479567979298e+16,26.755578154507383,16.241665887188653,1.4274143399710608,0.7943525164088311,-0.09998672432884391,28.889714373034575,0.9261281648212079,transition
superenxame,1887240972346726.5,70.08471218949775,15.275827356592533,1.8456232942030737,131.9710490519174,2.1204786689633144,13.765661032246802,5.091271100263223,expansion_dominated
superenxame,5.0575469581296936e+16,51.53540826202991,16.703939923783313,1.712105720864111,1.958003130175675,0.2918133817556463,41.194059658031364,1.2510398025794565,boundary
superenxame,2334842075956043.0,19.80766802471168,15.36825751108616,1.296833348652422,2.4081230673805307,0.38167867781773207,14.777709423819564,1.3403747127944294,boundary
superenxame,1.3713563354686126e+16,31.56987295900904,16.137150317240387,1.4992728342421584,1.659985629747942,0.22010432843271438,26.66273675005979,1.1840447308522537,boundary
superenxame,1098230592981619.0,28.21238867704187,15.040693537513992,1.4504398584113192,14.793201765601518,1.1700621806665918,11.492622233398054,2.454826070507691,expansion_dominated
superenxame,2406472431253381.0,32.51099721068885,15.381380890728478,1.5120302908267145,10.331089518303026,1.014146124698292,14.927311050264857,2.177954026764385,expansion_dominated
superenxame,3.0364483000519044e+16,19.782915869589605,16.4823658910264,1.2962903040833373,0.18447654835600155,-0.7340588358297627,34.75174226799281,0.56926400170187,transition
superenxame,4814986564734856.0,26.93701768489028,15.682595079649618,1.4303495114058384,2.9369029636735617,0.4678895975145239,18.809892443852515,1.4320665450532062,boundary
superenxame,1.506486250605364e+16,12.543781413464846,16.17796517230976,1.0984284774391229,0.09478866417735628,-1.0232435970457665,27.511209016460484,0.45595165977473623,bound
superenxame,8065474545772455.0,30.180550657788018,15.906629924923662,1.479727159410978,2.465969474299339,0.39198769625589835,22.3390445380023,1.3510224488986562,boundary
superenxame,5659379662637794.0,35.40010483431323,15.752768829799923,1.549004548152803,5.6712782761231875,0.7536809576051123,19.850779362130375,1.783310578820222,boundary
superenxame,2.5925828642323924e+16,25.11699789656245,16.41373264621971,1.3999677292183454,0.442187726891607,-0.3543933156180475,32.96847315355916,0.7618489876547682,transition
superenxame,4937459302191824.0,12.436231678939075,15.693503528906646,1.0946888040713467,0.28183766120822235,-0.55000097374598,18.968040225839815,0.6556413594060931,transition
superenxame,996937314563435.8,46.502575852601154,14.998667851596439,1.6674770098273217,72.97923739337647,1.8631993208321525,11.127832235268993,4.178942930610874,expansion_dominated
superenxame,2744997533929676.5,33.89967295221343,15.438541958621734,1.5301955083584164,10.267878225393508,1.011480709400142,15.596791694163976,2.173502962464905,expansion_dominated
superenxame,1.1169565466015916e+16,19.510871943435525,16.048036277915763,1.290276678505785,0.48109395563219204,-0.3177700994517816,24.900040013342686,0.7835678951913582,transition
superenxame,9505590431478362.0,24.44938288014489,15.977979097863129,1.3882679016956259,1.1123994108234523,0.04626075017037496,23.59650334284388,1.036144318711512,boundary
superenxame,1244009759215540.5,13.178097954428397,15.094823787394054,1.1198527313879953,1.3309769969959513,0.12417054971655844,11.980158065561485,1.0999936630477811,boundary
superenxame,2978831010082751.5,16.765239884545867,15.47404586626631,1.224409771888861,1.1445100019263394,0.058619592346898376,16.02765212984877,1.046019700747277,boundary
superenxame,3453229106761281.5,21.462559087319754,15.53822539285899,1.3316815038014294,2.071358455423112,0.31625526149192384,16.836936861862043,1.2747306272755217,boundary
superenxame,4320546490508302.5,52.511276861978615,15.6355386826486,1.7202525787016332,24.246842777717436,1.3846551964029263,18.14265518570783,2.8943545652207083,expansion_dominated
superenxame,1516487675433193.0,20.384931386637145,15.180838885129303,1.3093092540047553,4.04133656100485,0.6065250198315894,12.797768425815521,1.5928504648917448,boundary
superenxame,3290281088969332.0,38.9804640592061,15.517233001346236,1.590847005052327,13.02399307893825,1.1147441567573706,16.567829610436572,2.352780356616605,expansion_dominated
superenxame,2965686782613837.5,21.457070857410415,15.472125281633213,1.3315704353704525,2.410028439139,0.38202216742477074,16.004043122175975,1.3407281331102177,boundary
superenxame,1.4034274504493194e+16,31.95570942104022,16.147189966892864,1.5045484633874124,1.682253986795492,0.2258915662159999,26.868985851872576,1.1893158006487667,boundary
superenxame,1.4591656248087592e+16,26.235720137103115,16.16410458994561,1.4188929895283635,0.8953864576778355,-0.04798947841389203,27.220085331855135,0.9638368071682701,transition
superenxame,5424819517210579.0,43.86038626130927,15.734385293860033,1.6420724520204035,11.252997053335715,1.051268205147804,19.572653916157307,2.2409013335234187,expansion_dominated
superenxame,4203219708941508.0,21.495200755745817,15.623582091858172,1.3323415055919172,1.7095372482648672,0.23287856786420616,17.97692126465646,1.1957109028455541,boundary
superenxame,7294003047292849.0,12.707022092791748,15.862965940417602,1.1040437849994629,0.20351740551787245,-0.6913984424725877,21.602794406736734,0.588211962468574,transition
superenxame,2707330036933640.0,13.99494554999661,15.432541201644993,1.1459712131000008,0.7325016049704479,-0.13519141939836415,15.525121925558278,0.9014386886686789,transition
superenxame,1922762144099433.5,21.527170539328253,15.283925563024653,1.3329869513325934,3.7538026271148417,0.5744714339197539,13.851489379289177,1.554141215421628,boundary
superenxame,2381773483897701.5,14.969483173972252,15.376900455983428,1.1752068064508283,1.0189575845785617,0.008156106315683153,14.8760662685058,1.0062796779592347,boundary
superenxame,3268391528900432.0,34.69338243153981,15.514334076212846,1.5402466434495012,9.243618159111476,0.9658419970822842,16.531007049596358,2.098685357005333,boundary
superenxame,1889891144715727.2,22.26029952570614,15.276436790093479,1.347531003731223,4.222720766707229,0.6255923640468157,13.772101529589658,1.616332807152155,boundary
superenxame,7463229583620252.0,93.84549750865543,15.872926801578295,1.972413441005815,80.12160940338832,1.903749664385776,21.768585980630284,4.3110516040021745,expansion_dominated
superenxame,1.3439157794818812e+16,11.686993138673456,16.128372053202668,1.067702789069831,0.08593547007708204,-1.0658275430465485,26.483698602448573,0.44129006730173725,bound
superenxame,1218444535717154.0,31.246350445653157,15.085805764640792,1.4947992993161563,18.114580300620954,1.258028276254303,11.897522658264748,2.626290476021706,expansion_dominated
superenxame,6476016103975593.0,15.91660119722133,15.811307920047216,1.2018503348287528,0.4504838514492066,-0.34632077261433175,20.763023350028877,0.7665839858143392,transition
superenxame,5023760097726251.0,21.95086835149168,15.70102889213015,1.3414517051158106,1.523219062714995,0.18276236616390784,19.07791530312044,1.1505905127852898,boundary
superenxame,8988327923027249.0,30.276961189019055,15.953678908491563,1.4811122841349196,2.234056163038788,0.34909408685982196,23.160481740175044,1.3072681962611985,boundary
superenxame,6225547547028457.0,8.677973059224444,15.794177554353386,0.9384182975276568,0.07594749975871629,-1.1194865188237892,20.49181707870984,0.42348480009810857,bound
superenxame,1399201699682211.5,31.77618429914559,15.145880324030767,1.502101745693366,16.590560400717585,1.2198610559959577,12.458948587507582,2.5504707781688047,expansion_dominated
superenxame,1705787059842936.8,73.89918379398904,15.231924815514276,1.8686396417003168,171.17102548554286,2.2334302525333007,13.309535251860977,5.552348928461363,expansion_dominated
superenxame,6504899767613346.0,22.399770790234466,15.813240609013238,1.3502435743589096,1.2500467548706278,0.09692625701011642,20.793845941366047,1.0772307755571895,boundary
superenxame,1.832109446110919e+16,32.14827898406128,16.26295141388548,1.507157728497212,1.3120727460246244,0.11795791455278054,29.365569223646133,1.0947609678267165,boundary
superenxame,636232255467787.9,47.36775180506176,14.80361568303065,1.6754827724875878,120.856156165124,2.08226877737874,9.580610406422522,4.944126709641381,expansion_dominated
superenxame,9027696722491032.0,25.937626371103203,15.955576960910712,1.4139302299940608,1.3984594307264597,0.14564987201809704,23.194246728608306,1.1182784539025856,boundary
superenxame,2.1643620100651616e+16,20.998523495207092,16.33532990237944,1.3221887585230736,0.3095084541268462,-0.5093274838635915,31.043064444374433,0.6764320427461021,transition
superenxame,5384412895544616.0,8.898934110553359,15.731138355707206,0.9493379911812144,0.09469166669999192,-1.023688239216936,19.52393729903408,0.45579608120302767,bound
superenxame,1.1158122453442972e+16,38.99581112817267,16.047591123211898,1.5910179582668942,3.845022579860811,0.5848988945354104,24.891533898234336,1.56662949288709,boundary
superenxame,3045221683990761.0,26.613558615981987,15.48361891359599,1.4251029498596426,4.4784329755829875,0.651126078929564,16.145850376058974,1.6483218905239272,boundary
superenxame,5575517847170194.0,16.87367005360358,15.746285210325405,1.2272095526946043,0.6234183634077827,-0.20522040929496632,19.752240087911545,0.8542661479661913,transition
superenxame,1176491833094721.0,30.050470508547455,15.070588916761332,1.4778512762610925,16.687875651039672,1.222401054968571,11.759375485714015,2.5554478250188155,expansion_dominated
superenxame,555962515440750.9,20.969608460693173,14.745045511211508,1.32159032150264,11.99945706811722,1.0791615962430388,9.159458292130175,2.2893939567048744,expansion_dominated
superenxame,1.6758865308980422e+16,21.564840541333286,16.224244610551374,1.3337462511545843,0.43294256503217937,-0.3635697141409944,28.505991799607454,0.7565020257120206,transition
superenxame,2273800106683286.5,38.31634317864251,15.356752282524003,1.5833840543439157,17.899299026907798,1.2528360234543705,14.64778802720921,2.615845007278057,expansion_dominated
superenxame,3935613754862978.0,14.30724023469439,15.595012469748458,1.1555558695087542,0.5383829300693334,-0.2689087182755687,17.587013985027685,0.8135116198164477,transition
superenxame,1500033596149851.2,47.90814583884836,15.176100986028414,1.680409362936227,53.03508212893686,1.7245632457268922,12.751314215855292,3.7571143670256526,expansion_dominated
superenxame,1463907492621882.2,13.883822224683623,15.165513633612257,1.1425090441139512,1.3226643304672285,0.12144964167622309,12.648115715261367,1.0976988618100036,boundary
superenxame,5269543997484916.0,20.146782140201186,15.721773034957423,1.304205690161842,1.122742540971472,0.050280178474729494,19.384099512040514,1.039345785843027,boundary
superenxame,2962717635618681.5,74.65315431993085,15.47169026263896,1.873048162694647,101.59921873836987,2.006890368391607,15.99870043352971,4.666201147405353,expansion_dominated
superenxame,9334411641954730.0,49.89052195573362,15.970086949097615,1.698018047561333,9.625057585851067,0.9834033365330099,23.45400078673001,2.1271646747774082,boundary
superenxame,1.0084219460145668e+16,29.612350307607677,16.003642288540817,1.4714728783489968,1.862998432352063,0.27021248945279924,24.065896717706234,1.2304694337784927,boundary
superenxame,8797967246800266.0,17.501825626841903,15.944382340846074,1.2430833525897322,0.44086321139222445,-0.3556961401302514,22.99581110920058,0.7610875538910413,transition
superenxame,8079237145264299.0,21.555598837755024,15.9073703559178,1.3335600925260234,0.8969042142171698,-0.04725393539310404,22.351743465066082,0.9643810949890613,transition
superenxame,3.2359044720986676e+16,29.249642962474855,16.50999569221935,1.4661205692088533,0.5595026635454957,-0.2521978416461626,35.49658036442308,0.8240129799035711,transition
superenxame,2087290055158560.0,28.724674171308816,15.319582803929801,1.4582551111147115,8.215210054181972,0.9146186723609592,14.23581122339339,2.0177757150998326,boundary
superenxame,5960453582294135.0,26.915868353298684,15.775279310208688,1.4300083954822882,2.366911496943388,0.3741820191848023,20.196729818873067,1.332684478857901,boundary
superenxame,2.040376999529019e+16,27.747051925589705,16.309710419233816,1.4432168469014794,0.7574888846663207,-0.12062373558275201,30.438605974622988,0.9115743325670939,transition
superenxame,2.3390683590103064e+16,25.28351645342854,16.36904291420212,1.402837475864875,0.49992592211887715,-0.3010943436608676,31.856807929293783,0.7936613269460434,transition
superenxame,1446126743875364.5,13.575776457627525,15.160206357794943,1.1327646781591971,1.2517679265180865,0.09752381962927498,12.596698603576188,1.0777249567417115,boundary
superenxame,4564992320287504.0,21.695398754108258,15.65944005125486,1.3363676367246167,1.6184489375699946,0.2090990018656162,18.47855340494794,1.17408534524672,boundary
superenxame,2.5772378040384216e+16,44.79373659816579,16.411154493140266,1.6512172918771062,2.5230945496535715,0.40193352543767874,32.90329945803385,1.3613752218162032,boundary
superenxame,1.0681582455612646e+16,14.091799473565528,16.02863559733958,1.1489664545387541,0.18953957794216736,-0.7223000907766914,24.532011040325727,0.5744249605301996,transition
superenxame,7724464190069123.0,25.603408621646942,15.887868364165898,1.4082977874613587,1.5720311274670677,0.19646114116480376,22.01966666987552,1.1627518711113933,boundary
superenxame,5035491740553811.0,18.606047942264183,15.702041887954405,1.2696541356704143,0.9254578892450314,-0.03364333799653567,19.09275420793697,0.9745083260187543,transition
superenxame,4239255413503463.5,29.81927598060608,15.627289583431516,1.4744970944675844,4.525200671699331,0.6556378429178634,18.028149333523054,1.6540397701919196,boundary
superenxame,8505475117302947.0,23.147319178003073,15.929698578390646,1.3645007001653,1.0549689195106957,0.02323966505188056,22.738098586923826,1.0179971332921647,boundary
superenxame,4857710664651187.0,59.569863684979,15.686431643756983,1.775026606294427,31.48359507311088,1.4980843180729249,18.865363034462177,3.157631452740143,expansion_dominated
superenxame,6037256399474149.0,36.429087587284705,15.780839620530001,1.5614482939218557,5.793505241050901,0.7629414041821921,20.283107505380922,1.7960308881477063,boundary
superenxame,6844936408314576.0,14.501178669287507,15.835369417751767,1.1614033035290134,0.32231211929935816,-0.49172336421810087,21.15003505846961,0.685633788747809,transition
superenxame,3125128015544207.5,39.59771837551293,15.494867812177926,1.5976701625550136,14.374038985861668,1.157578818433741,16.285854724292676,2.4314178804780378,expansion_dominated
superenxame,1.0951111939846232e+16,19.036039251413555,16.039458218246647,1.279576591622346,0.4557300851138855,-0.341292300432983,24.73663903607326,0.7695483296519563,transition
superenxame,1.2924391106700429e+17,21.04072975168211,17.11141009178694,1.3230607982969427,0.05214449262464181,-1.2827915539494859,56.31939527369353,0.37359651412148803,bound
superenxame,1000820084708157.8,33.04001109020342,15.000356012303268,1.5190401844235668,26.073581104423134,1.4162006839140586,11.14226003753188,2.9652880994439714,expansion_dominated
superenxame,8826847753407568.0,21.969267032462074,15.945805635885492,1.3418155676593704,0.8691149291382159,-0.06092278996075441,23.020945903755262,0.9543164353154735,transition
superenxame,2870215200583496.0,44.302504625306256,15.457914460121494,1.64642827959105,21.91828257262721,1.340806521598283,15.830432211917401,2.7985657013176573,expansion_dominated
superenxame,1.1477073420212726e+16,19.037406636080988,16.059831159883664,1.279607786467053,0.43493899083164955,-0.36157165753587933,25.12648117537183,0.7576630608642823,transition
superenxame,6621415833548243.0,20.598317993538835,15.820950862997538,1.3138317584299,0.9549498288880529,-0.020019444761212066,20.91726539414178,0.9847519551627303,transition
superenxame,1.3894235265008778e+16,20.211493366712748,16.14283464831911,1.305598403419416,0.42992896467456576,-0.36660329511423534,26.77931734217631,0.7547426660828462,transition
superenxame,2.132936663244807e+16,21.16213474657176,16.32897795942895,1.3255594753618913,0.32146715713947077,-0.4928633903966504,30.892088629529148,0.6850341199119597,transition
superenxame,7701751520621985.0,49.183807067188575,15.886589502995683,1.6918221422205189,11.176686428850235,1.0483130666124998,21.99806360103993,2.2358243870548438,expansion_dominated
superenxame,2.0390295973507216e+16,38.75566422729717,16.309423529786383,1.5883351845942666,2.065466554394925,0.3150181669430434,30.431904259656434,1.2735208384141619,boundary
superenxame,555988677969234.1,67.01741464427029,14.745065947795096,1.8261876698826556,391.6816312004625,2.592933204799497,9.159601965383311,7.316629575995527,expansion_dominated
superenxame,3.278713992103074e+16,88.89589870611466,16.51570353406221,1.948881724857836,15.501644874364363,1.1903777834579226,35.652429549430174,2.4934036706492972,expansion_dominated
superenxame,9306319712422810.0,16.720230222004826,15.968777968351553,1.2232422529748852,0.3634000088258987,-0.4396150664802711,23.43044885777035,0.7136111784926312,transition
superenxame,1.9276558919613716e+16,29.207353567345002,16.285029510085334,1.4654922080120034,0.9351542606731045,-0.029116743102697316,29.867425497597157,0.9778999388378735,transition
superenxame,1782608261052918.8,15.532305728168058,15.251055914821317,1.1912359303384448,1.520855732705076,0.18208801914064413,13.506409842927551,1.1499951436984819,boundary
superenxame,2667801751087502.0,19.007574260173868,15.426153553277599,1.278926695895381,1.8623558923665022,0.2700626773551704,15.449193170151503,1.2303279563425558,boundary
superenxame,7339597302214617.0,20.48244737650888,15.86567223236515,1.3113818477437527,0.8470507938544345,-0.07209054618726513,21.647713412861336,0.9461714032272734,transition
superenxame,6199161487128405.0,16.497795945483855,15.792332949798142,1.2174259276895796,0.5240599562025245,-0.28061902378277753,20.462825572208573,0.8062325453181894,transition
superenxame,8460204571602345.0,16.541877484987847,15.927380864604496,1.218584799962349,0.3870879733818131,-0.41219032177082293,22.697685487919852,0.7287913780368379,transition
superenxame,1.9410280989381764e+16,26.197354485479327,16.288031822418485,1.4182574367255438,0.6701571117395264,-0.1738233692952277,29.936330154534303,0.8751024040103108,transition
superenxame,1013096600627449.0,15.216751486246086,15.005650858113718,1.1823219479549905,2.5162345929689343,0.4007511286978795,11.187633697760939,1.3601403028856338,boundary
superenxame,1.7306872023285082e+16,43.178537773301606,16.23821858227279,1.6352679310102791,3.3652811562609166,0.5270213537046737,28.81337599001423,1.4985587870114863,boundary
superenxame,6363951474713567.0,17.70493031558485,15.803726859481069,1.2480942217681468,0.6309456474961743,-0.20000805123000226,20.642560788114295,0.8576905984348177,transition
superenxame,5108556047215524.0,116.97826438630739,15.708298162493953,2.0681051734212064,226.70103386237773,2.355453500716292,19.18465556905614,6.097490985190649,expansion_dominated
superenxame,1374036104588829.8,22.423087972104028,15.1379981445268,1.350695420787833,5.936415095746527,0.7735242607833244,12.383802025811283,1.8106788145811832,boundary
superenxame,1.0626051117040742e+16,29.231014018991186,16.02637190076959,1.4658438812217514,1.7005753742601872,0.2305958858422905,24.489424871632117,1.1936178237020012,boundary
superenxame,517191605229886.2,14.622611425832764,14.713651467036033,1.165024939417472,4.373805779942743,0.6408594941630088,8.941391440135819,1.635384327342529,boundary
superenxame,1.2353138341277378e+16,66.88676424848809,16.09177730505742,1.8253401867880807,17.525862425795818,1.2436793982534486,25.750187005866795,2.59752537848556,expansion_dominated
superenxame,1344473894634959.5,49.69242029258407,15.128552374037154,1.6962901497766416,66.03196452899542,1.8197542182393969,12.294345406910878,4.041892321054445,expansion_dominated
superenxame,6668928491751282.0,32.75831023623412,15.824056060677863,1.5153214915619446,3.8136827019719286,0.581344556954597,20.96717753858591,1.5623614659602598,boundary
superenxame,5576658152738801.0,14.246344407473304,15.746374023202437,1.1537034392684955,0.37512191563645947,-0.425827562450324,19.753586572946507,0.721202924586078,transition
superenxame,2.1197867161691204e+16,31.35788139157132,16.326292166282247,1.4963467130994164,1.0524079398962678,0.022184115962627978,30.828472577707835,1.0171727227980247,boundary
superenxame,5243305637921553.0,15.969273901343872,15.71960517394375,1.203285169876204,0.5619355120704689,-0.2503135213685117,19.351873227321413,0.8252055867541592,transition
superenxame,3073531351444153.5,59.11778557625216,15.487637647484451,1.7717181579641395,48.635453450367315,1.6869529693545933,16.195729011969892,3.650208368672973,expansion_dominated
vazio,305855883520593.25,36.25793009402157,14.485516839111904,1.5594030073048908,112.75305707713554,2.0521283257493947,7.505164783423502,4.831063826087295,expansion_dominated
vazio,114094162052502.61,40.05811540107257,14.057263423092643,1.602690513350777,407.60946482032887,2.6102442599063145,5.40267811263369,7.414492325093397,expansion_dominated
vazio,3452825274693.31,32.72389001939634,12.538174602051606,1.5148649243862249,7342.708950875789,3.865856314053694,1.6836280513858262,19.43653171640891,expansion_dominated
vazio,25701023149790.758,52.510691563508026,13.409950412804582,1.7202477379640264,4075.950902780606,3.6102289440341235,3.287290540035748,15.973851694574277,expansion_dominated
vazio,258616767430012.78,29.826544259804404,14.412656678959923,1.4746029383826036,74.23150729517073,1.8705882791345139,7.096978866873329,4.2027100290556305,expansion_dominated
vazio,534232389619032.9,36.288002472062146,14.727730215033894,1.559763062462412,64.71353370934067,1.810995115299968,9.03853458261148,4.014810381084756,expansion_dominated
vazio,462915675020069.2,34.282657442748985,14.665501886895278,1.5350744791785176,62.973479988254944,1.7991576935869007,8.616983234794077,3.97849879808525,expansion_dominated
vazio,11086442239361.912,26.56860759617176,13.044792198655127,1.4243687945629018,1223.9123806756836,3.087750327980204,2.483811795734312,10.696707231119754,expansion_dominated
vazio,151681070157229.88,20.01565875293524,14.180931384087742,1.3013698881236988,38.24850134135224,1.5826144232299804,5.940619644774862,3.369288045657028,expansion_dominated
vazio,406732737651561.94,117.47967392262272,14.609309129889757,2.069962732421735,2884.132512506304,3.4600152103220743,8.253237237354416,14.234375014800976,expansion_dominated
vazio,10115763345882.268,21.059774937670745,13.004998660650653,1.3234537256410175,668.0341422794512,2.824798659219026,2.4090963663116267,8.741773567951402,expansion_dominated
vazio,98913892054204.05,18.346542905922874,13.995257290776058,1.2635542408862777,45.16911430640044,1.6548415748294012,5.15157921880406,3.5613434495882657,expansion_dominated
vazio,145984060412723.06,37.28402157086688,14.164305438985073,1.5715227505660299,256.86146526726446,2.4096989556596426,5.865293718815562,6.356718581929093,expansion_dominated
vazio,65999591739814.664,33.15272538821616,13.819541249091959,1.5205192362826014,399.44096541605865,2.6014526027024716,4.5016152014801305,7.364628895271979,expansion_dominated
vazio,7739321475948.191,11.393531743812977,12.88870288675928,1.0566583666691083,138.2637578064051,2.140708356194671,2.203377521943035,5.170939446530098,expansion_dominated
vazio,63764819396476.16,58.12325282515845,13.804581133955763,1.7643499112778467,2227.946422913036,3.3479047428244035,4.450221869885763,13.060753940937886,expansion_dominated
vazio,63623380661327.74,26.52317549630517,13.803616741846986,1.4236255189017666,212.17585347892543,2.32669595780494,4.4469290420558565,5.964380192593148,expansion_dominated
vazio,81499802680915.56,13.770169729079655,13.911156557271347,1.138939293339598,23.17914785116706,1.365097465694073,4.829551536036926,2.851231553557309,expansion_dominated
vazio,45911041481073.71,60.65401467713015,13.661917144744958,1.7828595520190846,3516.395003272023,3.546097654258922,3.98865984106217,15.206615027110995,expansion_dominated
vazio,54224144403150.42,42.188021634230964,13.734192708055119,1.625189160046923,1001.8689451700269,3.0008109150322766,4.216177196714898,10.00622594019588,expansion_dominated
vazio,94662120901105.7,12.471774281929425,13.976176230591813,1.095928242254584,14.82670474145889,1.1710446391185652,5.076682805141217,2.4566778663616944,expansion_dominated
vazio,184277691457498.0,88.63621357357775,14.265472762981826,1.9476111952721629,2733.990277287933,3.4367969657812885,6.338875276298565,13.982955920428639,expansion_dominated
vazio,65666511055296.49,43.098609946075385,13.817343942286,1.634463263142534,882.02722427872,2.9454819900882288,4.494029646905234,9.590192618278518,expansion_dominated
vazio,56781994458111.8,27.999165500146066,13.7542106429792,1.447145087624987,279.67958262466027,2.4466607628423875,4.281456146115832,6.539636176245111,expansion_dominated
vazio,113608917808985.08,78.57081636635787,14.055412422952674,1.8952612655740984,3088.926088808394,3.489807516716247,5.395008003992226,14.563614420630449,expansion_dominated
vazio,7038019154450.077,31.232257705063805,12.847450444462892,1.4946033794722993,3131.813103750135,3.4957958369006326,2.134706146223937,14.630705851627528,expansion_dominated
vazio,193295203019538.5,27.67812962771541,14.286221076335876,1.442136738970871,79.3643170743577,1.8996252835233638,6.440629414480093,4.297426205812785,expansion_dominated
vazio,99922235509790.33,18.412635993705713,13.999662141726224,1.265115967513843,45.19827953325294,1.655121903761931,5.169025400160511,3.5621097921348874,expansion_dominated
vazio,105637013825297.11,41.0126775011016,14.023816115958537,1.612918123005982,472.47017220299233,2.6743743960060353,5.26574702429406,7.788577254449451,expansion_dominated
vazio,377086152659846.75,38.32205861845664,14.576440584556678,1.5834488308507144,107.9796836910921,2.0333420509420908,8.047632710478451,4.7619045248622305,expansion_dominated
vazio,6734582569634.999,28.451845333259158,12.82831068197105,1.454110439169119,2474.325201215041,3.3934567784829333,2.1035758664752113,13.525466700154517,expansion_dominated
vazio,6541836386635.805,16.93572608655242,12.815699678084622,1.228803820917071,537.2147491045895,2.730147927613218,2.083312941587247,8.12922809073961,expansion_dominated
vazio,145976285082894.22,30.646463045555652,14.164282307194112,1.4863803591665006,142.6575999535864,2.154294913252016,5.8651895855223835,5.225144489992837,expansion_dominated
vazio,99021588029948.67,26.943644518622445,13.99572988692289,1.4304563399866013,142.91416492483714,2.15507527598354,5.153448194962818,5.228275030485068,expansion_dominated
vazio,126504555772015.69,11.929635950072775,14.10210616591516,1.0766271907544236,9.709828277589356,0.9872115492947371,5.591864952216338,2.133391283948025,boundary
vazio,52810922633225.58,10.911703125445314,13.722723754896533,1.037892541629228,17.798770897633037,1.250390012937777,4.17922613019056,2.610938672741255,expansion_dominated
vazio,250387246659159.12,40.57354420020671,14.398612204543959,1.6082429460667353,192.99798581465424,2.2855527766028736,7.020887603620386,5.778976461506746,expansion_dominated
vazio,362729857934997.0,5.265883803635916,14.559583305794671,0.721471271785527,0.29125048182942304,-0.5357333474914644,7.944179604842576,0.662860618159484,transition
vazio,195159356019113.12,32.17473269797319,14.290389376370916,1.5075149475491527,123.47857509776347,2.0915916092231686,6.46126784268919,4.979631471922083,expansion_dominated
vazio,69743369405601.29,20.70793265029166,13.84350292495725,1.316136743828929,92.1177771096685,1.964343449476164,4.585171602394795,4.516283019696817,expansion_dominated
vazio,5437338458753.429,65.5102187963538,12.735386367431358,1.8163090499263748,37409.07117534134,4.572976925294392,1.9587698389988764,33.444571941048444,expansion_dominated
vazio,289428787228132.06,20.503542436726615,14.461541724822277,1.3118289014369147,21.546717737799675,1.3333811224350927,7.368320825335735,2.782661466941809,expansion_dominated
vazio,540800643535624.7,43.117699353459514,14.733037199730555,1.634655579990531,107.24219222965334,2.030365683187664,9.075425978729688,4.751038623918655,expansion_dominated
vazio,243632402112183.03,21.820471188481243,14.386735047190388,1.3388641244534183,30.85272080398209,1.4892934691164927,6.957175647051116,3.136397914249889,expansion_dominated
vazio,29662963924335.79,30.328398856696232,13.472214543579495,1.4818494829761202,680.4089980525129,2.832770048295491,3.4482028003086933,8.795422025056398,expansion_dominated
vazio,253674396706861.9,45.32253871899509,14.404276636200654,1.6563142286576142,265.5230283888499,2.4241021927188147,7.051478148290603,6.427381290259268,expansion_dominated
vazio,328335487227566.06,20.916277710494573,14.516317824776868,1.3204843994291176,20.163759854610152,1.3045715164571108,7.684705474072915,2.7218060316121506,expansion_dominated
vazio,861568373902802.9,53.58402929869525,14.935289748679452,1.7290353676595531,129.19702021158457,2.1112524972458337,10.599479402399853,5.05534538673316,expansion_dominated
vazio,29808082905642.086,14.851304218994132,13.474334045463225,1.1717645944101847,79.5052633969143,1.900395880713955,3.4538168252700094,4.299968692703644,expansion_dominated
vazio,73135334028942.45,34.078933566854346,13.864127249273517,1.5324859959163462,391.53165614554877,2.5927668814221474,4.65833126249791,7.315695609972657,expansion_dominated
vazio,280778099875144.0,51.09037876372959,14.448363230686073,1.7083391223805988,343.6293727774341,2.5360902794023494,7.294166893292274,7.004278831447135,expansion_dominated
vazio,108254521038122.55,43.13308266376705,14.034446042862895,1.6348104977012938,536.3170369025021,2.729421593187613,5.308884781539989,8.124697453173038,expansion_dominated
vazio,21360107731816.895,96.96266991188065,13.329603438769235,1.9866045654859148,30877.803607743226,4.489646400635135,3.090692265178623,31.372476323286367,expansion_dominated
vazio,177324919357746.38,17.228084418180025,14.248769771016022,1.236236991153015,20.863028214733994,1.3193773453896493,6.258129455248743,2.7529127579377084,expansion_dominated
vazio,222431853243028.22,11.583457501439856,14.3471969802891,1.0638382096223953,5.055379831958248,0.703753791524712,6.749220429798623,1.7162659927800687,boundary
vazio,112921785832608.03,14.845203988215516,14.052777737798602,1.1715861696213665,20.96123727139652,1.3214169140121244,5.384109266019531,2.7572256161120903,expansion_dominated
vazio,135441250949343.1,43.144348828852905,14.131750956307966,1.6349239186335622,428.99965461728635,2.6324569425393465,5.720556391744241,7.541984708186377,expansion_dominated
vazio,69948186448180.77,38.85245101822268,13.844776458988562,1.589418421595426,606.6175193429465,2.7829149487443416,4.589655677267421,8.465221304216564,expansion_dominated
vazio,770845535467017.8,30.10453093074737,14.886967361429635,1.4786318647012764,25.607334562763768,1.4083643756208204,10.213558313893074,2.9475066382885817,expansion_dominated
vazio,28812748591731.926,13.663816666123477,13.459584689772393,1.1355720262500035,64.05713813953406,1.8065675319242434,3.4149382020689707,4.001190023832681,expansion_dominated
vazio,44422965028871.02,46.208603341322544,13.647607542341733,1.664722842132137,1606.93062261105,3.205997127001304,3.9450919788418592,11.712934347068828,expansion_dominated
vazio,101529280407393.72,12.796248407829772,14.006591308116516,1.1070826622578487,14.931134980901959,1.1740928216036566,5.196589223850499,2.462432156288116,expansion_dominated
vazio,336800258860069.44,59.49848165228128,14.527372416620535,1.7745058830655318,452.46123389111864,2.6555813755226865,7.750185389253942,7.677039795045315,expansion_dominated
vazio,12635024778302.736,177.86183084789153,13.101576097943278,2.250082758479162,322187.2280900124,5.508108320440834,2.59445804235389,68.55452196348557,expansion_dominated
vazio,16361456051922.379,35.69491244600807,13.213821950140737,1.552606321040034,2011.0976379582135,3.3034331559259913,2.8278862466523327,12.622471108328314,expansion_dominated
vazio,5989118352304.137,41.04594680646213,12.77736289535917,1.613270277984168,8353.800154221695,3.9218840815399605,2.0229054485442037,20.290590860784473,expansion_dominated
vazio,104620582841085.72,20.511587060683084,14.019617135151963,1.3119992647092433,59.67834927995915,1.7758168019223934,5.248803698087947,3.9078594362664236,expansion_dominated
vazio,21331260022494.918,8.772841239775834,13.329016509676073,0.9431402700956913,22.900261602529834,1.3598404435576272,3.0893002690777895,2.839750259172664,expansion_dominated
vazio,58785461767776.43,19.10902718872303,13.76926993398925,1.2812385783515376,85.87800441947242,1.9338819440119892,4.331230170836202,4.411916807698487,expansion_dominated
vazio,249360071579952.34,13.931225834722191,14.396826913935024,1.14398933249235,7.844716016608721,0.8945772264886519,7.011273742136319,1.9869750272334081,boundary
vazio,41216809171589.38,11.087629839869045,13.615074367530292,1.0448387186037955,23.926431527358517,1.3788779312277202,3.8478022258434965,2.8815487878768167,expansion_dominated
vazio,137647780701710.97,85.55803147919269,14.138769213646018,1.9322607837587817,3291.9200614075357,3.5174492805769533,5.751454524025896,14.875894631833738,expansion_dominated
vazio,66129807020194.02,33.60481470332947,13.820397255348967,1.5264015050472164,415.18667110060574,2.6182434027393087,4.5045737753510435,7.460154140934373,expansion_dominated
vazio,253086272247127.44,36.00083074767105,14.403268589057863,1.5563125225719154,133.38442520135064,2.1251051216045096,7.046024496009209,5.109382002299528,expansion_dominated
vazio,192786598339119.3,23.092648109673483,14.285076840408806,1.36347373774505,46.21474018041816,1.664780515772971,6.4349755208600055,3.588614756157962,expansion_dominated
vazio,38444992657497.39,25.211349728031973,13.584839782295234,1.4015960969158379,301.5675803383845,2.479384651398906,3.759538585016628,6.705969139008176,expansion_dominated
vazio,79215277505584.73,52.48971213714616,13.89880894795973,1.7200741910270132,1320.8386482581273,3.1208497680679366,4.78399740059138,10.971935756206216,expansion_dominated
vazio,422908134395201.4,27.60232129155911,14.626246038632297,1.4409456067653397,35.97716389411524,1.5560269246103478,8.361226055094303,3.3012289238061747,expansion_dominated
vazio,172197214587635.0,39.682068516894894,14.236026122152458,1.5985943026469251,262.53845716365674,2.419192928734944,6.197216374797194,6.403208491843809,expansion_dominated
vazio,14515191348411.152,24.838124326645197,13.16182276534932,1.3951187966033956,763.7826124387743,2.882969767407492,2.717245474583145,9.140920302923915,expansion_dominated
vazio,247383560974580.9,22.60461895732625,14.393370836702829,1.3541971905950267,33.779784763729296,1.5286568780288776,6.992700021415531,3.232602412243962,expansion_dominated
vazio,22347740850438.105,11.377950332391181,13.349233626538258,1.0560640336314786,47.68640877552236,1.6783946173028044,3.1376114500837,3.6263095394070097,expansion_dominated
vazio,703894937924792.4,7.8746319129634825,14.847507841976604,0.8962302625372041,0.5019021875672102,-0.2993809114183659,9.908864729047208,0.7947057638075832,transition
vazio,411584777440911.7,23.810179402863955,14.614459303904615,1.3767626677014075,23.728202615423307,1.3752648421462335,8.285926062444892,2.8735688954287375,expansion_dominated
vazio,149255823703918.38,29.229344353274605,14.17393128555104,1.4658190737581052,121.04924322598698,2.0829620786699015,5.908787626630357,4.946758320021635,expansion_dominated
vazio,124262391059732.08,12.299390481386009,14.094339706061715,1.0898835897215384,10.832961658868289,1.0347472060495262,5.558631118470998,2.2126653521792212,expansion_dominated
vazio,74917046292424.9,27.564304431152344,13.874580646383547,1.4403470377903027,202.25376271036333,2.3058966099339866,4.69585669007413,5.869920283005316,expansion_dominated
vazio,255337364147915.44,29.177677359112227,14.407114370840016,1.4650507176373406,70.38399682122895,1.8474739250186316,7.066853300417876,4.12880756381159,expansion_dominated
vazio,59914659885501.2,7.0196871688682485,13.777533098322763,0.8463177583033737,4.176921559746878,0.620856319533984,4.358787048578145,1.6104680248506522,boundary
vazio,138465609714556.75,15.623023835247349,14.141341922383937,1.1937650953457397,19.924595192142363,1.2993895065999084,5.762822721293295,2.7110019847602085,expansion_dominated
vazio,333549750332149.7,36.64661707838642,14.523160619911671,1.5640338902459312,106.75228845005817,2.0283771937727484,7.725172022605764,4.743793014725026,expansion_dominated
vazio,46016763896254.99,36.17232666649144,13.662916073884647,1.5583764442308083,744.1310075771007,2.871649401754404,3.9917191449279934,9.061841615899546,expansion_dominated
vazio,42685891486284.945,13.395873057475841,13.630284356005584,1.126971023408067,40.74411201681721,1.6100648571652434,3.892985065779561,3.441028627422528,expansion_dominated
vazio,19203514229781.74,31.21515200724911,13.283380711565325,1.4943654541399258,1145.913388980031,3.0591517938010786,2.98296521877418,10.464470658520337,expansion_dominated
vazio,22978218367400.43,54.48463214664455,13.361316352324296,1.7362740231009322,5092.626902394563,3.7069418599251263,3.1668444818506143,17.204707227936016,expansion_dominated
vazio,7997657713945.036,46.51365084512497,12.9029628131351,1.6675804285174514,9103.630357199827,3.959214615363881,2.2276257190658115,20.880370722524777,expansion_dominated
vazio,274092576566456.78,26.504522204791545,14.437897273409318,1.4233199796360982,49.147203176752804,1.691498808445603,7.235808150299702,3.662966410143661,expansion_dominated
vazio,1217162953164993.2,20.843307335637416,15.085348725249663,1.318966632269198,5.38254060190921,0.7309873145045576,11.89334984994107,1.7525178018487948,boundary
vazio,716468937122864.4,18.78380384646347,14.855197366082184,1.2737835443863388,6.692515874905862,0.8255894100234588,9.967519050374058,1.884501424229388,boundary
vazio,10576678586417.434,38.105664482964066,13.02434930682409,1.580989539214704,3784.909100068174,3.5780554537666474,2.4451437025747818,15.584222899798524,expansion_dominated
vazio,272215470261936.1,31.961644191996367,14.43491280293372,1.5046291124800086,86.77820797968998,1.9384106774529322,7.219252301647209,4.427279011249366,expansion_dominated
vazio,713286180585338.6,42.28955563149163,14.853263809954134,1.6262331217086161,76.71348243093998,1.8848716981183404,9.952737633263972,4.249037520104194,expansion_dominated
vazio,53200291454479.07,30.684896847944326,13.725914011556801,1.4869246676739225,392.9127613414162,2.5942961344115925,4.189471974365713,7.324287412756838,expansion_dominated
vazio,115045188068702.55,47.780853818739544,14.06086845839003,1.6792539060972838,686.0083514790829,2.836329402848448,5.4176478446717145,8.819483138929428,expansion_dominated
vazio,6241143518254.989,29.95614397539415,12.795264169517198,1.476485909228156,3116.2314128343232,3.4936297011138957,2.0508914545975645,14.606401478849735,expansion_dominated
vazio,144557856796987.75,46.742597275805885,14.160041700785985,1.6697128405168722,511.1318733688399,2.7085329637112574,5.846130683476612,7.995475949232239,expansion_dominated
vazio,23007220901256.31,49.411765959572634,13.36186416233917,1.693830375702659,3793.7010757462954,3.5790631077154327,3.1681762923762817,15.596280446411484,expansion_dominated
vazio,131759218650798.94,16.77770459619663,14.119781010746909,1.2247325435370522,25.93300016528584,1.413852762810874,5.668240766898119,2.9599491775607905,expansion_dominated
vazio,11568531852288.727,8.78455298906718,13.063278246686671,0.943719666876191,42.39522035269265,1.6273168968885279,2.5193047253008634,3.4868957696326714,expansion_dominated
vazio,211697112648062.0,76.23914193033454,14.325714934686557,1.882177999684075,1514.4509337310585,3.1802552073122943,6.638851137179221,11.48378542536921,expansion_dominated
vazio,411820162142072.3,33.25557371874342,14.614707605256013,1.5218644445994332,64.6132924312513,1.8103218714889122,8.287505330879595,4.012736329089496,expansion_dominated
vazio,33891600850192.43,9.331338612797985,13.5300920829709,0.969943949261086,17.345064044475183,1.2391759077589848,3.6048343550303716,2.588562384226214,expansion_dominated
vazio,20789615210011.98,17.788140078299914,13.31784645115374,1.2501305407787608,195.87603944450007,2.291981314129169,3.0629278688274435,5.80756088295008,expansion_dominated
vazio,5086114986766.818,46.358011818333274,12.706386174470012,1.666124801863552,14171.779094737332,4.15142437406727,1.9156522637963613,24.199596500078183,expansion_dominated
vazio,69207295731209.96,23.533714867957148,13.840151879554893,1.37169048728279,136.25602817956155,2.134355725240103,4.573393591488615,5.145788219880076,expansion_dominated
vazio,44775829423801.484,20.259223825717505,13.651043639431037,1.3066228025906443,134.35718970033878,2.128260911287522,3.9555101095634604,5.121772733366459,expansion_dominated
vazio,11732440288900.734,69.54195904382438,13.069388352591167,1.8422469208876306,20739.035405112165,4.316788553018351,2.5311472042655976,27.47448229270478,expansion_dominated
vazio,186986931066373.88,14.346950470622827,14.271811253787304,1.156759599012533,11.426249059329331,1.0579036861969215,6.369788859613525,2.2523431760175017,expansion_dominated
vazio,53705377160575.56,16.846786025257668,13.73001777088121,1.2265170598286463,64.41241042983899,1.8089695515513555,4.202688574340378,4.0085734946234535,expansion_dominated
vazio,22623428679935.305,32.298935783522,13.354558424812861,1.5091882130135148,1077.5622220505693,3.0324423571743093,3.1504608996271064,10.252130343006305,expansion_dominated
vazio,46478976564257.7,36.25161683064349,13.667256556615731,1.559327380975087,741.5863532139265,2.870161729256156,4.005039507869582,9.051500430747803,expansion_dominated
vazio,439321768664434.9,38.81289609426873,14.642782723357769,1.5889760496154048,96.2900846354954,1.9835815684350717,8.46802620814147,4.583464332804331,expansion_dominated
vazio,230018181824988.0,50.71619377108493,14.361762166253133,1.705146652479305,410.3117312921055,2.6131139341314085,6.825094585744997,7.43084116035719,expansion_dominated
vazio,83557293264324.45,32.033324544298615,13.921984363100906,1.5056020137908246,284.61502381730827,2.4542578212181936,4.86985548331178,6.577879909182464,expansion_dominated
vazio,235213915284059.78,38.63914455893939,14.371463011078912,1.5870275029027545,177.44167995705996,2.2490556405759774,6.87610166745425,5.61933875146509,expansion_dominated
vazio,20111887274716.05,23.8463221866091,13.303452826167957,1.3774214073917768,487.80645055940727,2.6882475389539993,3.0292763509864677,7.871953372244718,expansion_dominated
vazio,104573600324808.39,29.34644676705084,14.019422060436218,1.46755552490628,174.8560474968881,2.2426806572292475,5.248017877802926,5.591910593745286,expansion_dominated
vazio,122572599965376.83,30.207137358605287,14.088393398291883,1.4801095704150176,162.6939696691905,2.211371455899796,5.533319553498187,5.459134804442699,expansion_dominated
vazio,52251419692283.24,32.376319564571446,13.718098094900764,1.51022747802933,469.9162702061258,2.6720204821338522,4.164414826164114,7.774518369581739,expansion_dominated
vazio,182505098530441.7,46.37790708134328,14.26127500157445,1.666311146123173,395.4527315579409,2.597094579741695,6.318484913547139,7.340036055464308,expansion_dominated
vazio,34020440077996.332,40.3125982964068,13.53173992721333,1.6054407909445527,1393.2164337806241,3.1440185885669543,3.6093965156972923,11.16879182464077,expansion_dominated
vazio,202251813613100.47,28.998849016920065,14.305892424665672,1.4623807608120512,87.2340429414793,1.940686000717108,6.538609893176185,4.435017456414368,expansion_dominated
vazio,214345940550319.34,16.728027132115553,14.331115262918775,1.2234447242165087,15.799925991456538,1.1986550526773774,6.666425652478601,2.509294786164159,expansion_dominated
vazio,1777068102540.4146,29.44068782628683,12.24970407158176,1.4689479522575586,10389.05219381982,4.0165759281375415,1.349240315657537,21.82019576841598,expansion_dominated
vazio,517825486782354.56,27.67929473965771,14.714183422106071,1.4421550202291917,29.629053729369957,1.4717177815281304,8.94504287162656,3.0943725074203616,expansion_dominated
vazio,1483954075214.565,31.922055060335516,12.171420460788347,1.5040908423476955,15859.45318195328,4.200288209201365,1.2705588120337163,25.124421441963452,expansion_dominated
vazio,42694367561475.91,116.90338484563738,13.630370584666325,2.067827085999313,27073.65037985064,4.43254681627824,3.8932427235142053,30.02725315315441,expansion_dominated
vazio,412295714395827.7,20.106830738820666,14.615208820554653,1.303343622008454,14.264553704354448,1.1542581884173353,8.290694122292482,2.4252288701323925,expansion_dominated
vazio,64510137095587.58,37.00333992989582,13.809627964848536,1.5682409253551006,568.2388911135303,2.7545309541633918,4.4674936165961725,8.282796374332378,expansion_dominated
vazio,13191324701075.803,56.12668325605764,13.120288410518274,1.7491693788284035,9697.412483788217,3.9866558689135627,2.631989117043778,21.324815856039148,expansion_dominated
vazio,22067735145857.26,30.02206327505281,13.343757762969998,1.477440535947827,887.1559871574622,2.947999987820109,3.124452116689508,9.608744878722122,expansion_dominated
vazio,413183954423097.25,127.23208183119972,14.616143447792371,2.1045966333682062,3606.4722533111853,3.5570825952588736,8.296643609574586,15.335367869046458,expansion_dominated
vazio,7032298252488.33,22.087623881130657,12.847097281670816,1.3441489983151864,1108.628033421458,3.044785856221369,2.134127585940786,10.349720432198895,expansion_dominated
vazio,475767378194957.8,34.73321480888987,14.67739466057721,1.540744982249613,63.72009712760179,1.8042764291182551,8.695999495385767,3.994160168399257,expansion_dominated
vazio,92669909858175.7,16.83970159646942,13.966938740574626,1.226334391429965,37.28211799794681,1.5715005766618946,5.040816241160022,3.3406696040548725,expansion_dominated
vazio,19255854768095.555,22.468447971056264,13.28456280173454,1.351573074159878,426.17950800393334,2.6295925636917206,2.9856728546449984,7.5254219282935475,expansion_dominated
vazio,44681830487578.99,33.090360221337384,13.650130956618385,1.519701494911064,586.6913309583233,2.768409671061433,3.9527402056747114,8.371498884199761,expansion_dominated
vazio,24528183995712.086,48.63681614081463,13.389665395339016,1.6869651374461643,3393.643046120754,3.530666159946103,3.2365060073938894,15.02756862792853,expansion_dominated
vazio,330929223686209.7,34.62155368885961,14.519735120515117,1.5393465535266007,90.72786328541838,1.9577406830113113,7.704887924759023,4.493453250319982,expansion_dominated
vazio,275078524312257.7,63.467611961280085,14.439456685857703,1.802552157813726,672.412735725248,2.8276359305301013,7.244473825401998,8.760831150874957,expansion_dominated
vazio,9300436238246.76,26.509999102748022,12.968503319674372,1.423409713034052,1449.3122479043818,3.16116196237441,2.3425510224474073,11.31672217540491,expansion_dominated
vazio,57259127871944.32,22.75059774128595,13.757844728888399,1.3569928116450785,148.7886656484945,2.172569848993463,4.293414928017278,5.2989515625018555,expansion_dominated
vazio,30345102066798.984,161.10752653812898,13.482088602593434,2.2071158300382283,99699.97065119779,4.998695030467877,3.4744346955054923,46.369421404447955,expansion_dominated
vazio,597180999148850.9,36.34013546087184,14.776105981075622,1.5603865418437686,58.14197598438888,1.76448978740231,9.380441500121835,3.8740325239915254,expansion_dominated
vazio,15486045435157.14,17.72332360155939,13.189940529124147,1.2485451671260066,260.0944680002919,2.415131115200499,2.77652419330194,6.383277208358193,expansion_dominated
vazio,917355064226582.8,18.013833594704746,14.962537462811008,1.2556061465705406,4.6101719060327975,0.6637171198472395,10.823484676447869,1.6643284610457507,boundary
vazio,95504350694168.78,15.347923432557097,13.980023156289837,1.1860496239312246,27.3880970705302,1.4375618584504628,5.091694494656561,3.01430564003081,expansion_dominated
vazio,20083497944736.65,51.55127602452147,13.302839356171948,1.7122394196399007,4935.3169165249365,3.6933150456943804,3.02785033493437,17.0257015116432,expansion_dominated
vazio,39231552039524.06,22.283035798579938,13.593635489594433,1.3479743579898922,204.04395237699194,2.3097237273218694,3.7850049245443333,5.887188059936945,expansion_dominated
vazio,33039137056867.12,30.595777444915235,13.51902869553893,1.485661493183816,627.179604566485,2.797391926959144,3.5743536312355952,8.559807059252494,expansion_dominated
vazio,17188143022514.791,27.053133220063547,13.235228958790696,1.4322175711572847,833.4122844177846,2.920859897627784,2.874733601486672,9.410657462685581,expansion_dominated
vazio,113997707001064.23,45.166649374855204,14.056896115838226,1.6548178742234616,584.7815334504147,2.766993649778785,5.4011552111254595,8.362405376135017,expansion_dominated
vazio,18333723176315.074,16.32719779395051,13.263250669584894,1.2129116539924742,171.75936876068968,2.234920435339155,2.937231489478596,5.558703102712834,expansion_dominated
vazio,4917906580964.13,14.087689139657986,12.691780274757086,1.1488397598799556,411.31556825921166,2.614175147829407,1.8942968798956972,7.43689613237059,expansion_dominated
vazio,59182610478773.1,32.56891164634387,13.772194117491097,1.5128032460108463,422.3298357301741,2.6256517634880683,4.340962073918304,7.50269435478989,expansion_dominated
vazio,8284881140094.396,41.521076017560254,12.918286282149271,1.6182685997159711,6251.0886793436985,3.7959556599452684,2.2539799390308985,18.421226958839878,expansion_dominated
vazio,35375572676970.69,34.922799266275476,13.548703479159489,1.5431090476673395,871.0835388035864,2.940059806789156,3.6566981502005076,9.5503642444101,expansion_dominated
vazio,28479887329548.383,16.72449279869179,13.454538266837986,1.2233529558527483,118.83838568607881,2.074956743666885,3.4017367978439434,4.9164570313881875,expansion_dominated
vazio,30010301373989.383,43.62101389517347,13.477270356784512,1.6396957557855902,2001.0274832232371,3.301253053518885,3.4616094777967366,12.601367709143668,expansion_dominated
vazio,1587003413756927.0,17.446926858597095,15.200577860954093,1.2417189404132223,2.4211132430619298,0.3840151032322,12.993133658650727,1.3427805267731596,boundary
vazio,108105288546232.89,20.13581347132652,14.033846940301743,1.3039691794598127,54.638244977496775,1.7374967410243216,5.306444167734563,3.7945963124912967,expansion_dominated
vazio,140353292610258.81,15.33532601351226,14.1472226053972,1.1856930130778394,18.59056447932781,1.2692925767829442,5.788892536127303,2.6490949551762455,expansion_dominated
vazio,8593320746846.076,65.21152216659938,12.934161022194623,1.8143243376225686,23347.91661622529,4.368248133619709,2.2816111283887173,28.581348221531517,expansion_dominated
vazio,40515585541085.08,42.3992360449419,13.607622119817847,1.6273580314876577,1361.0939939416044,3.133888117591752,3.825856345414481,11.08228647836188,expansion_dominated
vazio,134642317418982.14,41.629207685814265,14.129181577964907,1.6193981451900845,387.65822291177847,2.5884490005519725,5.7092861662639285,7.291490822758285,expansion_dominated
vazio,24281899218675.715,62.98239885854218,13.385282652252195,1.7992191979198862,7444.0809032531,3.871811084454089,3.2256370818821583,19.525568828651974,expansion_dominated
vazio,350620824047075.06,172.79922466537116,14.54483770611079,2.2375417895068423,10646.915453037938,4.027223805356362,7.854776902635568,21.99925304146966,expansion_dominated
vazio,18983751857966.66,9.363035950309973,13.278382048459381,0.9714166909051564,31.282695489200634,1.4953041672027143,2.9715426535389033,3.150900741458057,expansion_dominated
vazio,67325613329608.7,17.508726443569472,13.828180318480895,1.2432545573544096,57.67923564140037,1.7610194965289605,4.531563379461293,3.863727587464724,expansion_dominated
vazio,44500922710677.42,18.943969090261312,13.648369016014664,1.2774709764311334,110.52997103808096,2.0434800562253623,3.947398372197647,4.799102422417675,expansion_dominated
vazio,125485167764794.05,16.28435291050235,14.098592395629149,1.2117705057328458,24.897472681384393,1.3961552645160145,5.5768044665371646,2.920015038758187,expansion_dominated
vazio,41276793899306.65,14.069436077895068,13.615705956886744,1.1482766906709605,48.81578281254438,1.6885602580727634,3.849667949195407,3.6547141892680965,expansion_dominated
vazio,68780261673704.63,23.232563992850636,13.837463823757437,1.3660971420644976,131.905755398804,2.1202637453826823,4.563967679943151,5.0904313137335855,expansion_dominated
vazio,72164223838379.14,12.863257386715297,13.85832194493321,1.1093509597189666,21.338656734459995,1.3291670771703166,4.637621143054552,2.7736757682286566,expansion_dominated
vazio,36254952925690.63,34.97936030331264,13.559367345565219,1.5438118629104756,854.0914731847263,2.9315043861128336,3.686750384427599,9.48785696234314,expansion_dominated
vazio,195459291900514.47,29.139059482791655,14.291056321098267,1.464475530000012,91.58121729249994,1.9618064118483949,6.464576205910365,4.50749725189266,expansion_dominated
vazio,139005833091094.03,38.43156111384417,14.143033024902454,1.5846880261338234,295.43857265074075,2.470467196445642,5.770307543885776,6.660227521939674,expansion_dominated
vazio,88477253498782.95,39.0988484351084,13.946831632848099,1.5921639664587106,488.76084781939386,2.689096409474659,4.963619666608301,7.877083874523589,expansion_dominated
vazio,55172796838623.68,41.575924864079035,13.741724999922825,1.6188419189594694,942.4035206719259,2.974236899902209,4.240622555505,9.804203114023174,expansion_dominated
vazio,300556703198170.2,22.15366058826915,14.477926418311998,1.3454454976893129,26.172560820473308,1.4178462177025664,7.46156783787376,2.9690356061390486,expansion_dominated
vazio,72193725482920.36,110.64203442352148,13.858499453711492,2.043920152737427,13573.665653526934,4.132697147447416,4.6382530296192215,23.85424721699684,expansion_dominated
vazio,65460848046943.74,32.78239754759283,13.815981627304438,1.5156407126149873,389.38270114175793,2.5903766534871497,4.48933307617677,7.302286774299926,expansion_dominated
vazio,115561725521678.1,8.482117206261826,14.062814017932876,0.9285042692650574,3.8206295717475633,0.5821349328089221,5.425743910538336,1.5633095380316688,boundary
vazio,1042202258055387.9,14.768445721837818,15.01795200978251,1.169334791185459,2.2360860215909057,0.3494885067204932,11.293761763900855,1.3076640034185394,boundary
vazio,15695901881943.822,9.176121662611397,13.195786275187277,0.9626591630722116,35.61454144644766,1.5516273569759835,2.7890098243459254,3.290100157593876,expansion_dominated
vazio,289677081182655.06,28.50057986678917,14.461914135833213,1.454853696162366,57.820666781675726,1.7620830956005107,7.370427257823723,3.8668830001050143,expansion_dominated
vazio,7313029128376.36,26.055207565302336,12.864097303257138,1.4158945372650664,1749.9371518317212,3.2430224514846877,2.1621561406585506,12.050567059123875,expansion_dominated
vazio,135009365098865.14,20.83726930098039,14.130363894937174,1.3188408045881517,48.48357792062611,1.685594661773907,5.714469476905245,3.6464048649123453,expansion_dominated
vazio,881149697701610.1,103.0526849586375,14.945049696565238,2.0130593114721442,898.5957925734195,2.9535643807978205,10.679178635300833,9.649869945801736,expansion_dominated
vazio,196426968745917.8,40.152741674241646,14.293201114680384,1.603715204741535,238.4408396489361,2.3773806424908472,6.475226890151621,6.200978337193285,expansion_dominated
vazio,126582901758613.89,45.00984747074717,14.102375047123875,1.6533075412049736,521.1751732470415,2.716983719437672,5.593019086586116,8.047504715064438,expansion_dominated
vazio,46103120183093.28,15.463201791598506,13.663730318718155,1.189299423376211,58.02352301850133,1.7636040943571043,3.9942145734641037,3.8713998727884005,expansion_dominated
vazio,104382650491038.28,14.79924058657661,14.018628320293132,1.1702394304273165,22.4660185910843,1.3515261139354435,5.2448216641549426,2.8216861381045826,expansion_dominated
vazio,70593109263838.86,28.860612233664607,13.848762310757985,1.4603055397471474,246.37149079177652,2.391590451430083,4.603718100379927,6.268979030510763,expansion_dominated
vazio,33760901530349.355,31.509535359509087,13.528414035241187,1.4984419991026232,670.4217649213026,2.826348105013308,3.600194499991464,8.752175850383582,expansion_dominated
vazio,66999973467213.37,8.515943300157348,13.826074630715079,0.930232761207952,6.668985848545059,0.8240597958554033,4.5242454947080395,1.8822902758301585,boundary
vazio,131531173965860.88,25.090772553815974,14.119028696375864,1.3995140336021303,86.88594867503566,1.9389495473771534,5.664968741232963,4.429110503503863,expansion_dominated
vazio,34647328910157.008,28.440693575216592,13.539669758881615,1.4539401832045813,480.3822297804453,2.6815869336787546,3.6314316299175298,7.831813035087345,expansion_dominated
vazio,32826978263579.844,24.53342789601556,13.51623090758919,1.389758233584084,325.4467478967214,2.512479936109688,3.566686365203834,6.878493196194864,expansion_dominated
vazio,15270523913707.547,16.682098629461994,13.183853937444695,1.2222506845429306,219.955212896332,2.342334259130723,2.763583545215124,6.036401055558977,expansion_dominated
